evaluation,best_f
1,-525.0699201672309
2,-129.66966764983079
3,-101.16766597684631
4,-101.16766597684631
5,-74.3404922027388
6,-74.3404922027388
7,-74.3404922027388
8,-74.3404922027388
9,-74.3404922027388
10,-74.3404922027388
11,-74.3404922027388
12,-74.3404922027388
13,-74.3404922027388
14,-74.3404922027388
15,-74.3404922027388
16,-74.3404922027388
17,-74.3404922027388
18,-74.3404922027388
19,-74.3404922027388
20,-74.3404922027388
21,-74.3404922027388
22,-74.3404922027388
23,-74.3404922027388
24,-74.3404922027388
25,-74.3404922027388
26,-74.3404922027388
27,-74.3404922027388
28,-74.3404922027388
29,-74.3404922027388
30,-74.3404922027388
31,-74.3404922027388
32,-74.3404922027388
33,-74.3404922027388
34,-74.3404922027388
35,-74.3404922027388
36,-74.3404922027388
37,-74.3404922027388
38,-74.3404922027388
39,-74.3404922027388
40,-74.3404922027388
41,-74.3404922027388
42,-74.3404922027388
43,-74.3404922027388
44,-74.3404922027388
45,-74.3404922027388
46,-74.3404922027388
47,-74.3404922027388
48,-74.3404922027388
49,-74.3404922027388
50,-74.3404922027388
51,-74.3404922027388
52,-74.3404922027388
53,-74.3404922027388
54,-74.3404922027388
55,-74.3404922027388
56,-74.3404922027388
57,-74.3404922027388
58,-74.3404922027388
59,-74.3404922027388
60,-74.3404922027388
61,-74.3404922027388
62,-74.3404922027388
63,-74.3404922027388
64,-74.3404922027388
65,-74.3404922027388
66,-74.3404922027388
67,-74.3404922027388
68,-74.3404922027388
69,-74.3404922027388
70,-74.3404922027388
71,-74.3404922027388
72,-74.3404922027388
73,-74.3404922027388
74,-74.3404922027388
75,-74.3404922027388
76,-74.3404922027388
77,-74.3404922027388
78,-74.3404922027388
79,-74.3404922027388
80,-74.3404922027388
81,-74.3404922027388
82,-74.3404922027388
83,-74.3404922027388
84,-74.3404922027388
85,-74.3404922027388
86,-74.3404922027388
87,-74.3404922027388
88,-74.3404922027388
89,-34.33263360806504
90,-34.33263360806504
91,-34.33263360806504
92,-34.33263360806504
93,-34.33263360806504
94,-34.33263360806504
95,-34.33263360806504
96,-34.33263360806504
97,-34.33263360806504
98,-34.33263360806504
99,-34.33263360806504
100,-34.33263360806504
101,-34.33263360806504
102,-34.33263360806504
103,-34.33263360806504
104,-34.33263360806504
105,-34.33263360806504
106,-34.33263360806504
107,-34.33263360806504
108,-34.33263360806504
109,-34.33263360806504
110,-34.33263360806504
111,-34.33263360806504
112,-34.33263360806504
113,-34.33263360806504
114,-34.33263360806504
115,-34.33263360806504
116,-34.33263360806504
117,-34.33263360806504
118,-34.33263360806504
119,-34.33263360806504
120,-34.33263360806504
121,-34.33263360806504
122,-34.33263360806504
123,-34.33263360806504
124,-34.33263360806504
125,-34.33263360806504
126,-34.33263360806504
127,-34.33263360806504
128,-34.33263360806504
129,-34.33263360806504
130,-34.33263360806504
131,-34.33263360806504
132,-34.33263360806504
133,-34.33263360806504
134,-34.33263360806504
135,-34.33263360806504
136,-34.33263360806504
137,-34.33263360806504
138,-34.33263360806504
139,-34.33263360806504
140,-34.33263360806504
141,-34.33263360806504
142,-34.33263360806504
143,-34.33263360806504
144,-34.33263360806504
145,-34.33263360806504
146,-34.33263360806504
147,-34.33263360806504
148,-34.33263360806504
149,-34.33263360806504
150,-34.33263360806504
151,-34.33263360806504
152,-34.33263360806504
153,-34.33263360806504
154,-34.33263360806504
155,-34.33263360806504
156,-34.33263360806504
157,-34.33263360806504
158,-34.33263360806504
159,-34.33263360806504
160,-34.33263360806504
161,-34.33263360806504
162,-34.33263360806504
163,-34.33263360806504
164,-34.33263360806504
165,-34.33263360806504
166,-34.33263360806504
167,-34.33263360806504
168,-34.33263360806504
169,-34.33263360806504
170,-34.33263360806504
171,-34.33263360806504
172,-34.33263360806504
173,-34.33263360806504
174,-34.33263360806504
175,-34.33263360806504
176,-34.33263360806504
177,-34.33263360806504
178,-34.33263360806504
179,-34.33263360806504
180,-34.33263360806504
181,-34.33263360806504
182,-34.33263360806504
183,-34.33263360806504
184,-34.33263360806504
185,-34.33263360806504
186,-34.33263360806504
187,-34.33263360806504
188,-34.33263360806504
189,-34.33263360806504
190,-34.33263360806504
191,-34.33263360806504
192,-34.33263360806504
193,-34.33263360806504
194,-34.33263360806504
195,-34.33263360806504
196,-34.33263360806504
197,-34.33263360806504
198,-34.33263360806504
199,-34.33263360806504
200,-34.33263360806504
201,-34.33263360806504
202,-34.33263360806504
203,-34.33263360806504
204,-34.33263360806504
205,-34.33263360806504
206,-34.33263360806504
207,-34.33263360806504
208,-34.33263360806504
209,-34.33263360806504
210,-34.33263360806504
211,-34.33263360806504
212,-34.33263360806504
213,-34.33263360806504
214,-34.33263360806504
215,-34.33263360806504
216,-34.33263360806504
217,-34.33263360806504
218,-34.33263360806504
219,-34.33263360806504
220,-34.33263360806504
221,-34.33263360806504
222,-34.33263360806504
223,-34.33263360806504
224,-34.33263360806504
225,-34.33263360806504
226,-34.33263360806504
227,-34.33263360806504
228,-34.33263360806504
229,-34.33263360806504
230,-34.33263360806504
231,-34.33263360806504
232,-34.33263360806504
233,-34.33263360806504
234,-34.33263360806504
235,-34.33263360806504
236,-34.33263360806504
237,-34.33263360806504
238,-34.33263360806504
239,-34.33263360806504
240,-34.33263360806504
241,-34.33263360806504
242,-34.33263360806504
243,-34.33263360806504
244,-34.33263360806504
245,-34.33263360806504
246,-34.33263360806504
247,-34.33263360806504
248,-34.33263360806504
249,-34.33263360806504
250,-34.33263360806504
251,-34.33263360806504
252,-34.33263360806504
253,-34.33263360806504
254,-34.33263360806504
255,-34.33263360806504
256,-34.33263360806504
257,-34.33263360806504
258,-34.33263360806504
259,-34.33263360806504
260,-34.33263360806504
261,-34.33263360806504
262,-34.33263360806504
263,-34.33263360806504
264,-34.33263360806504
265,-34.33263360806504
266,-34.33263360806504
267,-34.33263360806504
268,-34.33263360806504
269,-34.33263360806504
270,-34.33263360806504
271,-34.33263360806504
272,-34.33263360806504
273,-34.33263360806504
274,-34.33263360806504
275,-34.33263360806504
276,-34.33263360806504
277,-34.33263360806504
278,-34.33263360806504
279,-34.33263360806504
280,-34.33263360806504
281,-34.33263360806504
282,-34.33263360806504
283,-34.33263360806504
284,-34.33263360806504
285,-34.33263360806504
286,-34.33263360806504
287,-34.33263360806504
288,-34.33263360806504
289,-34.33263360806504
290,-34.33263360806504
291,-34.33263360806504
292,-34.33263360806504
293,-34.33263360806504
294,-34.33263360806504
295,-34.33263360806504
296,-34.33263360806504
297,-34.33263360806504
298,-34.33263360806504
299,-34.33263360806504
300,-34.33263360806504
301,-34.33263360806504
302,-34.33263360806504
303,-34.33263360806504
304,-34.33263360806504
305,-34.33263360806504
306,-34.33263360806504
307,-34.33263360806504
308,-34.33263360806504
309,-34.33263360806504
310,-34.33263360806504
311,-34.33263360806504
312,-14.454790451670007
313,-14.454790451670007
314,-14.454790451670007
315,-14.454790451670007
316,-14.454790451670007
317,-14.454790451670007
318,-14.454790451670007
319,-14.454790451670007
320,-14.454790451670007
321,-14.454790451670007
322,-14.454790451670007
323,-14.454790451670007
324,-14.454790451670007
325,-14.454790451670007
326,-14.454790451670007
327,-14.454790451670007
328,48.060839991689704
329,48.060839991689704
330,48.060839991689704
331,48.060839991689704
332,48.060839991689704
333,48.060839991689704
334,48.060839991689704
335,48.060839991689704
336,48.060839991689704
337,48.060839991689704
338,48.060839991689704
339,48.060839991689704
340,48.060839991689704
341,48.060839991689704
342,48.060839991689704
343,48.060839991689704
344,48.060839991689704
345,48.060839991689704
346,48.060839991689704
347,48.060839991689704
348,48.060839991689704
349,48.060839991689704
350,48.060839991689704
351,48.060839991689704
352,48.060839991689704
353,48.060839991689704
354,48.060839991689704
355,48.060839991689704
356,48.060839991689704
357,48.060839991689704
358,48.060839991689704
359,48.060839991689704
360,48.060839991689704
361,48.060839991689704
362,48.060839991689704
363,48.060839991689704
364,48.060839991689704
365,48.060839991689704
366,48.060839991689704
367,48.060839991689704
368,48.060839991689704
369,48.060839991689704
370,48.060839991689704
371,48.060839991689704
372,48.060839991689704
373,48.060839991689704
374,48.060839991689704
375,48.060839991689704
376,48.060839991689704
377,48.060839991689704
378,48.060839991689704
379,48.060839991689704
380,48.060839991689704
381,48.060839991689704
382,48.060839991689704
383,48.060839991689704
384,48.060839991689704
385,48.060839991689704
386,48.060839991689704
387,48.060839991689704
388,48.060839991689704
389,48.060839991689704
390,48.060839991689704
391,48.060839991689704
392,48.060839991689704
393,48.060839991689704
394,48.060839991689704
395,48.060839991689704
396,48.060839991689704
397,48.060839991689704
398,48.060839991689704
399,48.060839991689704
400,48.060839991689704
401,48.060839991689704
402,48.060839991689704
403,48.060839991689704
404,48.060839991689704
405,48.060839991689704
406,48.060839991689704
407,48.060839991689704
408,48.060839991689704
409,48.060839991689704
410,48.060839991689704
411,48.060839991689704
412,48.060839991689704
413,48.060839991689704
414,48.060839991689704
415,48.060839991689704
416,48.060839991689704
417,48.060839991689704
418,48.060839991689704
419,48.060839991689704
420,48.060839991689704
421,48.060839991689704
422,48.060839991689704
423,48.060839991689704
424,48.060839991689704
425,48.060839991689704
426,48.060839991689704
427,48.060839991689704
428,48.060839991689704
429,48.060839991689704
430,48.060839991689704
431,48.060839991689704
432,48.060839991689704
433,48.060839991689704
434,48.060839991689704
435,48.060839991689704
436,48.060839991689704
437,48.060839991689704
438,48.060839991689704
439,48.060839991689704
440,48.060839991689704
441,48.060839991689704
442,48.060839991689704
443,48.060839991689704
444,48.060839991689704
445,48.060839991689704
446,48.060839991689704
447,48.060839991689704
448,48.060839991689704
449,48.060839991689704
450,48.060839991689704
451,48.060839991689704
452,48.060839991689704
453,48.060839991689704
454,48.060839991689704
455,48.060839991689704
456,48.060839991689704
457,48.060839991689704
458,48.060839991689704
459,48.060839991689704
460,48.060839991689704
461,48.060839991689704
462,48.060839991689704
463,48.060839991689704
464,48.060839991689704
465,48.060839991689704
466,48.060839991689704
467,48.060839991689704
468,48.060839991689704
469,48.060839991689704
470,48.060839991689704
471,48.060839991689704
472,48.060839991689704
473,48.060839991689704
474,48.060839991689704
475,48.060839991689704
476,48.060839991689704
477,48.060839991689704
478,48.060839991689704
479,48.060839991689704
480,48.060839991689704
481,48.060839991689704
482,48.060839991689704
483,48.060839991689704
484,48.060839991689704
485,48.060839991689704
486,48.060839991689704
487,48.060839991689704
488,48.060839991689704
489,48.060839991689704
490,48.060839991689704
491,48.060839991689704
492,48.060839991689704
493,48.060839991689704
494,48.060839991689704
495,48.060839991689704
496,48.060839991689704
497,48.060839991689704
498,48.060839991689704
499,48.060839991689704
500,48.060839991689704
501,48.060839991689704
502,48.060839991689704
503,48.060839991689704
504,48.060839991689704
505,48.060839991689704
506,48.060839991689704
507,48.060839991689704
508,48.060839991689704
509,48.060839991689704
510,48.060839991689704
511,48.060839991689704
512,48.060839991689704
513,48.060839991689704
514,48.060839991689704
515,48.060839991689704
516,48.060839991689704
517,48.060839991689704
518,48.060839991689704
519,48.060839991689704
520,48.060839991689704
521,48.060839991689704
522,48.060839991689704
523,48.060839991689704
524,48.060839991689704
525,48.060839991689704
526,48.060839991689704
527,48.060839991689704
528,48.060839991689704
529,48.060839991689704
530,48.060839991689704
531,48.060839991689704
532,48.060839991689704
533,48.060839991689704
534,48.060839991689704
535,48.060839991689704
536,48.060839991689704
537,48.060839991689704
538,48.060839991689704
539,48.060839991689704
540,48.060839991689704
541,48.060839991689704
542,48.060839991689704
543,48.060839991689704
544,48.060839991689704
545,48.060839991689704
546,48.060839991689704
547,48.060839991689704
548,48.060839991689704
549,48.060839991689704
550,48.060839991689704
551,48.060839991689704
552,48.060839991689704
553,48.060839991689704
554,48.060839991689704
555,48.060839991689704
556,48.060839991689704
557,48.060839991689704
558,48.060839991689704
559,48.060839991689704
560,48.060839991689704
561,48.060839991689704
562,48.060839991689704
563,48.060839991689704
564,48.060839991689704
565,48.060839991689704
566,48.060839991689704
567,48.060839991689704
568,48.060839991689704
569,48.060839991689704
570,48.060839991689704
571,48.060839991689704
572,48.060839991689704
573,48.060839991689704
574,48.060839991689704
575,48.060839991689704
576,48.060839991689704
577,48.060839991689704
578,48.060839991689704
579,48.060839991689704
580,48.060839991689704
581,48.060839991689704
582,48.060839991689704
583,48.060839991689704
584,48.060839991689704
585,48.060839991689704
586,48.060839991689704
587,48.060839991689704
588,48.060839991689704
589,48.060839991689704
590,48.060839991689704
591,48.060839991689704
592,48.060839991689704
593,48.060839991689704
594,48.060839991689704
595,48.060839991689704
596,48.060839991689704
597,48.060839991689704
598,48.060839991689704
599,48.060839991689704
600,48.060839991689704
601,48.060839991689704
602,48.060839991689704
603,48.060839991689704
604,48.060839991689704
605,48.060839991689704
606,48.060839991689704
607,48.060839991689704
608,48.060839991689704
609,48.060839991689704
610,48.060839991689704
611,48.060839991689704
612,48.060839991689704
613,48.060839991689704
614,48.060839991689704
615,48.060839991689704
616,48.060839991689704
617,48.060839991689704
618,48.060839991689704
619,48.060839991689704
620,48.060839991689704
621,48.060839991689704
622,48.060839991689704
623,48.060839991689704
624,48.060839991689704
625,48.060839991689704
626,48.060839991689704
627,48.060839991689704
628,48.060839991689704
629,48.060839991689704
630,48.060839991689704
631,48.060839991689704
632,48.060839991689704
633,48.060839991689704
634,48.060839991689704
635,48.060839991689704
636,48.060839991689704
637,48.060839991689704
638,48.060839991689704
639,48.060839991689704
640,48.060839991689704
641,48.060839991689704
642,48.060839991689704
643,48.060839991689704
644,48.060839991689704
645,48.060839991689704
646,48.060839991689704
647,48.060839991689704
648,48.060839991689704
649,48.060839991689704
650,48.060839991689704
651,48.060839991689704
652,48.060839991689704
653,48.060839991689704
654,48.060839991689704
655,48.060839991689704
656,48.060839991689704
657,48.060839991689704
658,48.060839991689704
659,48.060839991689704
660,48.060839991689704
661,48.060839991689704
662,48.060839991689704
663,48.060839991689704
664,48.060839991689704
665,48.060839991689704
666,48.060839991689704
667,48.060839991689704
668,48.060839991689704
669,48.060839991689704
670,48.060839991689704
671,48.060839991689704
672,48.060839991689704
673,48.060839991689704
674,48.060839991689704
675,48.060839991689704
676,48.060839991689704
677,48.060839991689704
678,48.060839991689704
679,48.060839991689704
680,48.060839991689704
681,48.060839991689704
682,48.060839991689704
683,48.060839991689704
684,48.060839991689704
685,48.060839991689704
686,48.060839991689704
687,48.060839991689704
688,48.060839991689704
689,48.060839991689704
690,48.060839991689704
691,48.060839991689704
692,48.060839991689704
693,48.060839991689704
694,48.060839991689704
695,48.060839991689704
696,48.060839991689704
697,48.060839991689704
698,48.060839991689704
699,48.060839991689704
700,48.060839991689704
701,48.060839991689704
702,48.060839991689704
703,48.060839991689704
704,48.060839991689704
705,48.060839991689704
706,48.060839991689704
707,48.060839991689704
708,48.060839991689704
709,48.060839991689704
710,48.060839991689704
711,48.060839991689704
712,48.060839991689704
713,48.060839991689704
714,48.060839991689704
715,48.060839991689704
716,48.060839991689704
717,48.060839991689704
718,48.060839991689704
719,48.060839991689704
720,48.060839991689704
721,48.060839991689704
722,48.060839991689704
723,48.060839991689704
724,48.060839991689704
725,48.060839991689704
726,48.060839991689704
727,48.060839991689704
728,48.060839991689704
729,48.060839991689704
730,48.060839991689704
731,48.060839991689704
732,48.060839991689704
733,48.060839991689704
734,48.060839991689704
735,48.060839991689704
736,48.060839991689704
737,48.060839991689704
738,48.060839991689704
739,48.060839991689704
740,48.060839991689704
741,48.060839991689704
742,48.060839991689704
743,48.060839991689704
744,48.060839991689704
745,48.060839991689704
746,48.060839991689704
747,48.060839991689704
748,48.060839991689704
749,48.060839991689704
750,48.060839991689704
751,48.060839991689704
752,48.060839991689704
753,48.060839991689704
754,48.060839991689704
755,48.060839991689704
756,48.060839991689704
757,48.060839991689704
758,48.060839991689704
759,48.060839991689704
760,48.060839991689704
761,48.060839991689704
762,48.060839991689704
763,48.060839991689704
764,48.060839991689704
765,48.060839991689704
766,48.060839991689704
767,48.060839991689704
768,48.060839991689704
769,48.060839991689704
770,48.060839991689704
771,48.060839991689704
772,48.060839991689704
773,48.060839991689704
774,53.09427549692268
775,53.09427549692268
776,53.09427549692268
777,53.09427549692268
778,53.09427549692268
779,53.09427549692268
780,53.09427549692268
781,53.09427549692268
782,233.06347674614324
783,233.06347674614324
784,233.06347674614324
785,233.06347674614324
786,233.06347674614324
787,233.06347674614324
788,233.06347674614324
789,233.06347674614324
790,233.06347674614324
791,233.06347674614324
792,233.06347674614324
793,233.06347674614324
794,233.06347674614324
795,233.06347674614324
796,233.06347674614324
797,233.06347674614324
798,233.06347674614324
799,233.06347674614324
800,233.06347674614324
801,233.06347674614324
802,233.06347674614324
803,233.06347674614324
804,233.06347674614324
805,233.06347674614324
806,233.06347674614324
807,233.06347674614324
808,233.06347674614324
809,233.06347674614324
810,233.06347674614324
811,233.06347674614324
812,233.06347674614324
813,233.06347674614324
814,233.06347674614324
815,233.06347674614324
816,233.06347674614324
817,233.06347674614324
818,233.06347674614324
819,233.06347674614324
820,233.06347674614324
821,233.06347674614324
822,233.06347674614324
823,233.06347674614324
824,233.06347674614324
825,233.06347674614324
826,233.06347674614324
827,233.06347674614324
828,233.06347674614324
829,233.06347674614324
830,233.06347674614324
831,233.06347674614324
832,233.06347674614324
833,233.06347674614324
834,233.06347674614324
835,233.06347674614324
836,233.06347674614324
837,233.06347674614324
838,233.06347674614324
839,233.06347674614324
840,233.06347674614324
841,233.06347674614324
842,233.06347674614324
843,233.06347674614324
844,233.06347674614324
845,233.06347674614324
846,233.06347674614324
847,233.06347674614324
848,233.06347674614324
849,233.06347674614324
850,233.06347674614324
851,233.06347674614324
852,233.06347674614324
853,233.06347674614324
854,233.06347674614324
855,233.06347674614324
856,233.06347674614324
857,233.06347674614324
858,233.06347674614324
859,233.06347674614324
860,233.06347674614324
861,233.06347674614324
862,233.06347674614324
863,233.06347674614324
864,233.06347674614324
865,233.06347674614324
866,233.06347674614324
867,233.06347674614324
868,233.06347674614324
869,233.06347674614324
870,233.06347674614324
871,233.06347674614324
872,233.06347674614324
873,233.06347674614324
874,233.06347674614324
875,233.06347674614324
876,233.06347674614324
877,233.06347674614324
878,233.06347674614324
879,233.06347674614324
880,233.06347674614324
881,233.06347674614324
882,233.06347674614324
883,233.06347674614324
884,233.06347674614324
885,233.06347674614324
886,233.06347674614324
887,233.06347674614324
888,233.06347674614324
889,233.06347674614324
890,233.06347674614324
891,233.06347674614324
892,233.06347674614324
893,233.06347674614324
894,233.06347674614324
895,233.06347674614324
896,233.06347674614324
897,233.06347674614324
898,233.06347674614324
899,233.06347674614324
900,233.06347674614324
901,233.06347674614324
902,233.06347674614324
903,233.06347674614324
904,233.06347674614324
905,233.06347674614324
906,233.06347674614324
907,233.06347674614324
908,233.06347674614324
909,233.06347674614324
910,233.06347674614324
911,233.06347674614324
912,233.06347674614324
913,233.06347674614324
914,233.06347674614324
915,233.06347674614324
916,233.06347674614324
917,233.06347674614324
918,233.06347674614324
919,233.06347674614324
920,233.06347674614324
921,233.06347674614324
922,233.06347674614324
923,233.06347674614324
924,233.06347674614324
925,233.06347674614324
926,233.06347674614324
927,233.06347674614324
928,233.06347674614324
929,233.06347674614324
930,233.06347674614324
931,233.06347674614324
932,233.06347674614324
933,233.06347674614324
934,233.06347674614324
935,233.06347674614324
936,233.06347674614324
937,233.06347674614324
938,233.06347674614324
939,233.06347674614324
940,233.06347674614324
941,233.06347674614324
942,233.06347674614324
943,233.06347674614324
944,233.06347674614324
945,233.06347674614324
946,233.06347674614324
947,233.06347674614324
948,233.06347674614324
949,233.06347674614324
950,233.06347674614324
951,233.06347674614324
952,233.06347674614324
953,233.06347674614324
954,233.06347674614324
955,233.06347674614324
956,233.06347674614324
957,233.06347674614324
958,233.06347674614324
959,233.06347674614324
960,233.06347674614324
961,233.06347674614324
962,233.06347674614324
963,233.06347674614324
964,233.06347674614324
965,233.06347674614324
966,233.06347674614324
967,233.06347674614324
968,233.06347674614324
969,233.06347674614324
970,233.06347674614324
971,233.06347674614324
972,233.06347674614324
973,233.06347674614324
974,233.06347674614324
975,233.06347674614324
976,233.06347674614324
977,233.06347674614324
978,233.06347674614324
979,233.06347674614324
980,233.06347674614324
981,233.06347674614324
982,233.06347674614324
983,233.06347674614324
984,233.06347674614324
985,233.06347674614324
986,233.06347674614324
987,233.06347674614324
988,233.06347674614324
989,233.06347674614324
990,233.06347674614324
991,233.06347674614324
992,233.06347674614324
993,233.06347674614324
994,233.06347674614324
995,233.06347674614324
996,233.06347674614324
997,233.06347674614324
998,233.06347674614324
999,233.06347674614324
1000,233.06347674614324
1001,233.06347674614324
1002,233.06347674614324
1003,233.06347674614324
1004,233.06347674614324
1005,233.06347674614324
1006,233.06347674614324
1007,233.06347674614324
1008,233.06347674614324
1009,233.06347674614324
1010,233.06347674614324
1011,233.06347674614324
1012,233.06347674614324
1013,233.06347674614324
1014,233.06347674614324
1015,233.06347674614324
1016,233.06347674614324
1017,233.06347674614324
1018,233.06347674614324
1019,233.06347674614324
1020,233.06347674614324
1021,233.06347674614324
1022,233.06347674614324
1023,233.06347674614324
1024,233.06347674614324
1025,233.06347674614324
1026,233.06347674614324
1027,233.06347674614324
1028,233.06347674614324
1029,233.06347674614324
1030,233.06347674614324
1031,233.06347674614324
1032,233.06347674614324
1033,233.06347674614324
1034,233.06347674614324
1035,233.06347674614324
1036,233.06347674614324
1037,233.06347674614324
1038,233.06347674614324
1039,233.06347674614324
1040,233.06347674614324
1041,233.06347674614324
1042,233.06347674614324
1043,233.06347674614324
1044,233.06347674614324
1045,233.06347674614324
1046,233.06347674614324
1047,233.06347674614324
1048,233.06347674614324
1049,233.06347674614324
1050,233.06347674614324
1051,233.06347674614324
1052,233.06347674614324
1053,233.06347674614324
1054,233.06347674614324
1055,233.06347674614324
1056,233.06347674614324
1057,233.06347674614324
1058,233.06347674614324
1059,233.06347674614324
1060,233.06347674614324
1061,233.06347674614324
1062,233.06347674614324
1063,233.06347674614324
1064,233.06347674614324
1065,233.06347674614324
1066,233.06347674614324
1067,233.06347674614324
1068,233.06347674614324
1069,233.06347674614324
1070,233.06347674614324
1071,233.06347674614324
1072,233.06347674614324
1073,233.06347674614324
1074,233.06347674614324
1075,233.06347674614324
1076,233.06347674614324
1077,233.06347674614324
1078,233.06347674614324
1079,233.06347674614324
1080,233.06347674614324
1081,233.06347674614324
1082,233.06347674614324
1083,233.06347674614324
1084,233.06347674614324
1085,233.06347674614324
1086,233.06347674614324
1087,233.06347674614324
1088,233.06347674614324
1089,233.06347674614324
1090,233.06347674614324
1091,233.06347674614324
1092,233.06347674614324
1093,233.06347674614324
1094,233.06347674614324
1095,233.06347674614324
1096,233.06347674614324
1097,233.06347674614324
1098,233.06347674614324
1099,233.06347674614324
1100,233.06347674614324
1101,233.06347674614324
1102,233.06347674614324
1103,233.06347674614324
1104,233.06347674614324
1105,233.06347674614324
1106,233.06347674614324
1107,233.06347674614324
1108,233.06347674614324
1109,233.06347674614324
1110,233.06347674614324
1111,233.06347674614324
1112,233.06347674614324
1113,233.06347674614324
1114,233.06347674614324
1115,233.06347674614324
1116,233.06347674614324
1117,233.06347674614324
1118,233.06347674614324
1119,233.06347674614324
1120,233.06347674614324
1121,233.06347674614324
1122,233.06347674614324
1123,233.06347674614324
1124,233.06347674614324
1125,233.06347674614324
1126,233.06347674614324
1127,233.06347674614324
1128,233.06347674614324
1129,233.06347674614324
1130,233.06347674614324
1131,233.06347674614324
1132,233.06347674614324
1133,233.06347674614324
1134,233.06347674614324
1135,233.06347674614324
1136,233.06347674614324
1137,233.06347674614324
1138,233.06347674614324
1139,233.06347674614324
1140,233.06347674614324
1141,233.06347674614324
1142,233.06347674614324
1143,233.06347674614324
1144,233.06347674614324
1145,233.06347674614324
1146,233.06347674614324
1147,233.06347674614324
1148,233.06347674614324
1149,233.06347674614324
1150,233.06347674614324
1151,233.06347674614324
1152,233.06347674614324
1153,233.06347674614324
1154,233.06347674614324
1155,233.06347674614324
1156,233.06347674614324
1157,233.06347674614324
1158,233.06347674614324
1159,233.06347674614324
1160,233.06347674614324
1161,233.06347674614324
1162,233.06347674614324
1163,233.06347674614324
1164,233.06347674614324
1165,233.06347674614324
1166,233.06347674614324
1167,233.06347674614324
1168,233.06347674614324
1169,233.06347674614324
1170,233.06347674614324
1171,233.06347674614324
1172,233.06347674614324
1173,233.06347674614324
1174,233.06347674614324
1175,233.06347674614324
1176,233.06347674614324
1177,233.06347674614324
1178,233.06347674614324
1179,233.06347674614324
1180,233.06347674614324
1181,233.06347674614324
1182,233.06347674614324
1183,233.06347674614324
1184,233.06347674614324
1185,233.06347674614324
1186,233.06347674614324
1187,233.06347674614324
1188,233.06347674614324
1189,233.06347674614324
1190,233.06347674614324
1191,233.06347674614324
1192,233.06347674614324
1193,233.06347674614324
1194,233.06347674614324
1195,233.06347674614324
1196,233.06347674614324
1197,233.06347674614324
1198,233.06347674614324
1199,233.06347674614324
1200,233.06347674614324
1201,233.06347674614324
1202,233.06347674614324
1203,233.06347674614324
1204,233.06347674614324
1205,233.06347674614324
1206,233.06347674614324
1207,233.06347674614324
1208,233.06347674614324
1209,233.06347674614324
1210,233.06347674614324
1211,233.06347674614324
1212,233.06347674614324
1213,233.06347674614324
1214,233.06347674614324
1215,233.06347674614324
1216,233.06347674614324
1217,233.06347674614324
1218,233.06347674614324
1219,233.06347674614324
1220,233.06347674614324
1221,233.06347674614324
1222,233.06347674614324
1223,233.06347674614324
1224,233.06347674614324
1225,233.06347674614324
1226,233.06347674614324
1227,233.06347674614324
1228,233.06347674614324
1229,233.06347674614324
1230,233.06347674614324
1231,233.06347674614324
1232,233.06347674614324
1233,233.06347674614324
1234,233.06347674614324
1235,233.06347674614324
1236,233.06347674614324
1237,233.06347674614324
1238,233.06347674614324
1239,233.06347674614324
1240,233.06347674614324
1241,233.06347674614324
1242,233.06347674614324
1243,233.06347674614324
1244,233.06347674614324
1245,233.06347674614324
1246,233.06347674614324
1247,233.06347674614324
1248,233.06347674614324
1249,233.06347674614324
1250,233.06347674614324
1251,233.06347674614324
1252,233.06347674614324
1253,233.06347674614324
1254,233.06347674614324
1255,233.06347674614324
1256,233.06347674614324
1257,233.06347674614324
1258,233.06347674614324
1259,233.06347674614324
1260,233.06347674614324
1261,233.06347674614324
1262,233.06347674614324
1263,233.06347674614324
1264,233.06347674614324
1265,233.06347674614324
1266,233.06347674614324
1267,233.06347674614324
1268,233.06347674614324
1269,233.06347674614324
1270,233.06347674614324
1271,233.06347674614324
1272,233.06347674614324
1273,233.06347674614324
1274,233.06347674614324
1275,233.06347674614324
1276,233.06347674614324
1277,233.06347674614324
1278,233.06347674614324
1279,233.06347674614324
1280,233.06347674614324
1281,233.06347674614324
1282,233.06347674614324
1283,233.06347674614324
1284,233.06347674614324
1285,233.06347674614324
1286,233.06347674614324
1287,233.06347674614324
1288,233.06347674614324
1289,233.06347674614324
1290,233.06347674614324
1291,233.06347674614324
1292,233.06347674614324
1293,233.06347674614324
1294,233.06347674614324
1295,233.06347674614324
1296,233.06347674614324
1297,233.06347674614324
1298,233.06347674614324
1299,233.06347674614324
1300,233.06347674614324
1301,233.06347674614324
1302,233.06347674614324
1303,233.06347674614324
1304,233.06347674614324
1305,233.06347674614324
1306,233.06347674614324
1307,233.06347674614324
1308,233.06347674614324
1309,233.06347674614324
1310,233.06347674614324
1311,233.06347674614324
1312,233.06347674614324
1313,233.06347674614324
1314,233.06347674614324
1315,233.06347674614324
1316,233.06347674614324
1317,233.06347674614324
1318,233.06347674614324
1319,233.06347674614324
1320,233.06347674614324
1321,233.06347674614324
1322,233.06347674614324
1323,233.06347674614324
1324,233.06347674614324
1325,233.06347674614324
1326,233.06347674614324
1327,233.06347674614324
1328,233.06347674614324
1329,233.06347674614324
1330,233.06347674614324
1331,233.06347674614324
1332,233.06347674614324
1333,233.06347674614324
1334,233.06347674614324
1335,233.06347674614324
1336,233.06347674614324
1337,233.06347674614324
1338,233.06347674614324
1339,233.06347674614324
1340,233.06347674614324
1341,233.06347674614324
1342,233.06347674614324
1343,233.06347674614324
1344,233.06347674614324
1345,233.06347674614324
1346,233.06347674614324
1347,233.06347674614324
1348,233.06347674614324
1349,233.06347674614324
1350,233.06347674614324
1351,233.06347674614324
1352,233.06347674614324
1353,233.06347674614324
1354,233.06347674614324
1355,233.06347674614324
1356,233.06347674614324
1357,233.06347674614324
1358,233.06347674614324
1359,233.06347674614324
1360,233.06347674614324
1361,233.06347674614324
1362,233.06347674614324
1363,233.06347674614324
1364,233.06347674614324
1365,233.06347674614324
1366,233.06347674614324
1367,233.06347674614324
1368,233.06347674614324
1369,233.06347674614324
1370,233.06347674614324
1371,233.06347674614324
1372,233.06347674614324
1373,233.06347674614324
1374,233.06347674614324
1375,233.06347674614324
1376,233.06347674614324
1377,233.06347674614324
1378,233.06347674614324
1379,233.06347674614324
1380,233.06347674614324
1381,233.06347674614324
1382,233.06347674614324
1383,233.06347674614324
1384,233.06347674614324
1385,233.06347674614324
1386,233.06347674614324
1387,233.06347674614324
1388,233.06347674614324
1389,233.06347674614324
1390,233.06347674614324
1391,233.06347674614324
1392,233.06347674614324
1393,233.06347674614324
1394,233.06347674614324
1395,233.06347674614324
1396,233.06347674614324
1397,233.06347674614324
1398,233.06347674614324
1399,233.06347674614324
1400,233.06347674614324
1401,233.06347674614324
1402,233.06347674614324
1403,233.06347674614324
1404,233.06347674614324
1405,233.06347674614324
1406,233.06347674614324
1407,233.06347674614324
1408,233.06347674614324
1409,233.06347674614324
1410,233.06347674614324
1411,233.06347674614324
1412,233.06347674614324
1413,233.06347674614324
1414,233.06347674614324
1415,233.06347674614324
1416,233.06347674614324
1417,233.06347674614324
1418,233.06347674614324
1419,233.06347674614324
1420,233.06347674614324
1421,233.06347674614324
1422,233.06347674614324
1423,233.06347674614324
1424,233.06347674614324
1425,233.06347674614324
1426,233.06347674614324
1427,233.06347674614324
1428,233.06347674614324
1429,233.06347674614324
1430,233.06347674614324
1431,233.06347674614324
1432,233.06347674614324
1433,233.06347674614324
1434,233.06347674614324
1435,233.06347674614324
1436,233.06347674614324
1437,233.06347674614324
1438,233.06347674614324
1439,233.06347674614324
1440,233.06347674614324
1441,233.06347674614324
1442,233.06347674614324
1443,233.06347674614324
1444,233.06347674614324
1445,233.06347674614324
1446,233.06347674614324
1447,233.06347674614324
1448,233.06347674614324
1449,233.06347674614324
1450,233.06347674614324
1451,233.06347674614324
1452,233.06347674614324
1453,233.06347674614324
1454,233.06347674614324
1455,233.06347674614324
1456,233.06347674614324
1457,233.06347674614324
1458,233.06347674614324
1459,233.06347674614324
1460,233.06347674614324
1461,233.06347674614324
1462,233.06347674614324
1463,233.06347674614324
1464,233.06347674614324
1465,233.06347674614324
1466,233.06347674614324
1467,233.06347674614324
1468,233.06347674614324
1469,233.06347674614324
1470,233.06347674614324
1471,233.06347674614324
1472,233.06347674614324
1473,233.06347674614324
1474,233.06347674614324
1475,233.06347674614324
1476,233.06347674614324
1477,233.06347674614324
1478,233.06347674614324
1479,233.06347674614324
1480,233.06347674614324
1481,233.06347674614324
1482,233.06347674614324
1483,233.06347674614324
1484,233.06347674614324
1485,233.06347674614324
1486,233.06347674614324
1487,233.06347674614324
1488,233.06347674614324
1489,233.06347674614324
1490,233.06347674614324
1491,233.06347674614324
1492,233.06347674614324
1493,233.06347674614324
1494,233.06347674614324
1495,233.06347674614324
1496,233.06347674614324
1497,233.06347674614324
1498,233.06347674614324
1499,233.06347674614324
1500,233.06347674614324
1501,233.06347674614324
1502,233.06347674614324
1503,233.06347674614324
1504,233.06347674614324
1505,233.06347674614324
1506,233.06347674614324
1507,233.06347674614324
1508,233.06347674614324
1509,233.06347674614324
1510,233.06347674614324
1511,233.06347674614324
1512,233.06347674614324
1513,233.06347674614324
1514,233.06347674614324
1515,233.06347674614324
1516,233.06347674614324
1517,233.06347674614324
1518,233.06347674614324
1519,233.06347674614324
1520,233.06347674614324
1521,233.06347674614324
1522,233.06347674614324
1523,233.06347674614324
1524,233.06347674614324
1525,233.06347674614324
1526,233.06347674614324
1527,233.06347674614324
1528,233.06347674614324
1529,233.06347674614324
1530,233.06347674614324
1531,233.06347674614324
1532,233.06347674614324
1533,233.06347674614324
1534,233.06347674614324
1535,233.06347674614324
1536,233.06347674614324
1537,233.06347674614324
1538,233.06347674614324
1539,233.06347674614324
1540,233.06347674614324
1541,233.06347674614324
1542,233.06347674614324
1543,233.06347674614324
1544,233.06347674614324
1545,233.06347674614324
1546,233.06347674614324
1547,233.06347674614324
1548,233.06347674614324
1549,233.06347674614324
1550,233.06347674614324
1551,233.06347674614324
1552,233.06347674614324
1553,233.06347674614324
1554,233.06347674614324
1555,233.06347674614324
1556,233.06347674614324
1557,233.06347674614324
1558,233.06347674614324
1559,233.06347674614324
1560,233.06347674614324
1561,233.06347674614324
1562,233.06347674614324
1563,233.06347674614324
1564,233.06347674614324
1565,233.06347674614324
1566,233.06347674614324
1567,233.06347674614324
1568,233.06347674614324
1569,233.06347674614324
1570,233.06347674614324
1571,233.06347674614324
1572,233.06347674614324
1573,233.06347674614324
1574,233.06347674614324
1575,233.06347674614324
1576,233.06347674614324
1577,233.06347674614324
1578,233.06347674614324
1579,233.06347674614324
1580,233.06347674614324
1581,233.06347674614324
1582,233.06347674614324
1583,233.06347674614324
1584,233.06347674614324
1585,233.06347674614324
1586,233.06347674614324
1587,233.06347674614324
1588,233.06347674614324
1589,233.06347674614324
1590,233.06347674614324
1591,233.06347674614324
1592,233.06347674614324
1593,233.06347674614324
1594,233.06347674614324
1595,233.06347674614324
1596,233.06347674614324
1597,233.06347674614324
1598,233.06347674614324
1599,233.06347674614324
1600,233.06347674614324
1601,233.06347674614324
1602,233.06347674614324
1603,233.06347674614324
1604,233.06347674614324
1605,233.06347674614324
1606,233.06347674614324
1607,233.06347674614324
1608,233.06347674614324
1609,233.06347674614324
1610,233.06347674614324
1611,233.06347674614324
1612,233.06347674614324
1613,233.06347674614324
1614,233.06347674614324
1615,233.06347674614324
1616,233.06347674614324
1617,233.06347674614324
1618,233.06347674614324
1619,233.06347674614324
1620,233.06347674614324
1621,233.06347674614324
1622,233.06347674614324
1623,233.06347674614324
1624,233.06347674614324
1625,233.06347674614324
1626,233.06347674614324
1627,233.06347674614324
1628,233.06347674614324
1629,233.06347674614324
1630,233.06347674614324
1631,233.06347674614324
1632,233.06347674614324
1633,233.06347674614324
1634,233.06347674614324
1635,233.06347674614324
1636,233.06347674614324
1637,233.06347674614324
1638,233.06347674614324
1639,233.06347674614324
1640,233.06347674614324
1641,233.06347674614324
1642,233.06347674614324
1643,233.06347674614324
1644,233.06347674614324
1645,233.06347674614324
1646,233.06347674614324
1647,233.06347674614324
1648,233.06347674614324
1649,233.06347674614324
1650,233.06347674614324
1651,233.06347674614324
1652,233.06347674614324
1653,233.06347674614324
1654,233.06347674614324
1655,233.06347674614324
1656,233.06347674614324
1657,233.06347674614324
1658,233.06347674614324
1659,233.06347674614324
1660,233.06347674614324
1661,233.06347674614324
1662,233.06347674614324
1663,233.06347674614324
1664,233.06347674614324
1665,233.06347674614324
1666,233.06347674614324
1667,233.06347674614324
1668,233.06347674614324
1669,233.06347674614324
1670,233.06347674614324
1671,233.06347674614324
1672,233.06347674614324
1673,233.06347674614324
1674,233.06347674614324
1675,233.06347674614324
1676,233.06347674614324
1677,233.06347674614324
1678,233.06347674614324
1679,233.06347674614324
1680,233.06347674614324
1681,233.06347674614324
1682,233.06347674614324
1683,233.06347674614324
1684,233.06347674614324
1685,233.06347674614324
1686,233.06347674614324
1687,233.06347674614324
1688,233.06347674614324
1689,233.06347674614324
1690,233.06347674614324
1691,233.06347674614324
1692,233.06347674614324
1693,233.06347674614324
1694,233.06347674614324
1695,233.06347674614324
1696,233.06347674614324
1697,233.06347674614324
1698,233.06347674614324
1699,233.06347674614324
1700,233.06347674614324
1701,233.06347674614324
1702,233.06347674614324
1703,233.06347674614324
1704,233.06347674614324
1705,233.06347674614324
1706,233.06347674614324
1707,233.06347674614324
1708,233.06347674614324
1709,233.06347674614324
1710,233.06347674614324
1711,233.06347674614324
1712,233.06347674614324
1713,233.06347674614324
1714,233.06347674614324
1715,233.06347674614324
1716,233.06347674614324
1717,233.06347674614324
1718,233.06347674614324
1719,233.06347674614324
1720,233.06347674614324
1721,233.06347674614324
1722,233.06347674614324
1723,233.06347674614324
1724,233.06347674614324
1725,233.06347674614324
1726,233.06347674614324
1727,233.06347674614324
1728,233.06347674614324
1729,233.06347674614324
1730,233.06347674614324
1731,233.06347674614324
1732,233.06347674614324
1733,233.06347674614324
1734,233.06347674614324
1735,233.06347674614324
1736,233.06347674614324
1737,233.06347674614324
1738,233.06347674614324
1739,233.06347674614324
1740,233.06347674614324
1741,233.06347674614324
1742,233.06347674614324
1743,233.06347674614324
1744,233.06347674614324
1745,233.06347674614324
1746,233.06347674614324
1747,233.06347674614324
1748,233.06347674614324
1749,233.06347674614324
1750,233.06347674614324
1751,233.06347674614324
1752,233.06347674614324
1753,233.06347674614324
1754,233.06347674614324
1755,233.06347674614324
1756,233.06347674614324
1757,233.06347674614324
1758,233.06347674614324
1759,233.06347674614324
1760,233.06347674614324
1761,233.06347674614324
1762,233.06347674614324
1763,233.06347674614324
1764,233.06347674614324
1765,233.06347674614324
1766,233.06347674614324
1767,233.06347674614324
1768,233.06347674614324
1769,233.06347674614324
1770,233.06347674614324
1771,233.06347674614324
1772,233.06347674614324
1773,233.06347674614324
1774,233.06347674614324
1775,233.06347674614324
1776,233.06347674614324
1777,233.06347674614324
1778,233.06347674614324
1779,233.06347674614324
1780,233.06347674614324
1781,233.06347674614324
1782,233.06347674614324
1783,233.06347674614324
1784,233.06347674614324
1785,233.06347674614324
1786,233.06347674614324
1787,233.06347674614324
1788,233.06347674614324
1789,233.06347674614324
1790,233.06347674614324
1791,233.06347674614324
1792,233.06347674614324
1793,233.06347674614324
1794,233.06347674614324
1795,233.06347674614324
1796,233.06347674614324
1797,233.06347674614324
1798,233.06347674614324
1799,233.06347674614324
1800,233.06347674614324
1801,233.06347674614324
1802,233.06347674614324
1803,233.06347674614324
1804,233.06347674614324
1805,233.06347674614324
1806,233.06347674614324
1807,233.06347674614324
1808,233.06347674614324
1809,233.06347674614324
1810,233.06347674614324
1811,233.06347674614324
1812,233.06347674614324
1813,233.06347674614324
1814,233.06347674614324
1815,233.06347674614324
1816,233.06347674614324
1817,233.06347674614324
1818,233.06347674614324
1819,233.06347674614324
1820,233.06347674614324
1821,233.06347674614324
1822,233.06347674614324
1823,233.06347674614324
1824,233.06347674614324
1825,233.06347674614324
1826,233.06347674614324
1827,233.06347674614324
1828,233.06347674614324
1829,233.06347674614324
1830,233.06347674614324
1831,233.06347674614324
1832,233.06347674614324
1833,233.06347674614324
1834,233.06347674614324
1835,233.06347674614324
1836,233.06347674614324
1837,233.06347674614324
1838,233.06347674614324
1839,233.06347674614324
1840,233.06347674614324
1841,233.06347674614324
1842,233.06347674614324
1843,233.06347674614324
1844,233.06347674614324
1845,233.06347674614324
1846,233.06347674614324
1847,233.06347674614324
1848,233.06347674614324
1849,233.06347674614324
1850,233.06347674614324
1851,233.06347674614324
1852,233.06347674614324
1853,233.06347674614324
1854,233.06347674614324
1855,233.06347674614324
1856,233.06347674614324
1857,233.06347674614324
1858,233.06347674614324
1859,233.06347674614324
1860,233.06347674614324
1861,233.06347674614324
1862,233.06347674614324
1863,233.06347674614324
1864,233.06347674614324
1865,233.06347674614324
1866,233.06347674614324
1867,233.06347674614324
1868,233.06347674614324
1869,233.06347674614324
1870,233.06347674614324
1871,233.06347674614324
1872,233.06347674614324
1873,233.06347674614324
1874,233.06347674614324
1875,233.06347674614324
1876,233.06347674614324
1877,233.06347674614324
1878,233.06347674614324
1879,233.06347674614324
1880,233.06347674614324
1881,233.06347674614324
1882,233.06347674614324
1883,233.06347674614324
1884,233.06347674614324
1885,233.06347674614324
1886,233.06347674614324
1887,233.06347674614324
1888,233.06347674614324
1889,233.06347674614324
1890,233.06347674614324
1891,233.06347674614324
1892,233.06347674614324
1893,233.06347674614324
1894,233.06347674614324
1895,233.06347674614324
1896,233.06347674614324
1897,233.06347674614324
1898,233.06347674614324
1899,233.06347674614324
1900,233.06347674614324
1901,233.06347674614324
1902,233.06347674614324
1903,233.06347674614324
1904,233.06347674614324
1905,233.06347674614324
1906,233.06347674614324
1907,233.06347674614324
1908,233.06347674614324
1909,233.06347674614324
1910,233.06347674614324
1911,233.06347674614324
1912,233.06347674614324
1913,233.06347674614324
1914,233.06347674614324
1915,233.06347674614324
1916,233.06347674614324
1917,233.06347674614324
1918,233.06347674614324
1919,233.06347674614324
1920,233.06347674614324
1921,233.06347674614324
1922,233.06347674614324
1923,233.06347674614324
1924,233.06347674614324
1925,233.06347674614324
1926,233.06347674614324
1927,233.06347674614324
1928,233.06347674614324
1929,233.06347674614324
1930,233.06347674614324
1931,233.06347674614324
1932,233.06347674614324
1933,233.06347674614324
1934,233.06347674614324
1935,233.06347674614324
1936,233.06347674614324
1937,233.06347674614324
1938,233.06347674614324
1939,233.06347674614324
1940,233.06347674614324
1941,233.06347674614324
1942,233.06347674614324
1943,233.06347674614324
1944,233.06347674614324
1945,233.06347674614324
1946,233.06347674614324
1947,233.06347674614324
1948,233.06347674614324
1949,233.06347674614324
1950,233.06347674614324
1951,233.06347674614324
1952,233.06347674614324
1953,233.06347674614324
1954,233.06347674614324
1955,233.06347674614324
1956,233.06347674614324
1957,233.06347674614324
1958,233.06347674614324
1959,233.06347674614324
1960,233.06347674614324
1961,233.06347674614324
1962,233.06347674614324
1963,233.06347674614324
1964,233.06347674614324
1965,233.06347674614324
1966,233.06347674614324
1967,233.06347674614324
1968,233.06347674614324
1969,233.06347674614324
1970,233.06347674614324
1971,233.06347674614324
1972,233.06347674614324
1973,233.06347674614324
1974,233.06347674614324
1975,233.06347674614324
1976,233.06347674614324
1977,233.06347674614324
1978,233.06347674614324
1979,233.06347674614324
1980,233.06347674614324
1981,233.06347674614324
1982,233.06347674614324
1983,233.06347674614324
1984,233.06347674614324
1985,233.06347674614324
1986,233.06347674614324
1987,233.06347674614324
1988,233.06347674614324
1989,233.06347674614324
1990,233.06347674614324
1991,233.06347674614324
1992,233.06347674614324
1993,233.06347674614324
1994,233.06347674614324
1995,233.06347674614324
1996,233.06347674614324
1997,233.06347674614324
1998,233.06347674614324
1999,233.06347674614324
1,-105.6635958222181
2,-105.6635958222181
3,-105.6635958222181
4,-105.6635958222181
5,-105.6635958222181
6,-105.6635958222181
7,-105.6635958222181
8,-105.6635958222181
9,-105.6635958222181
10,-72.51555539663815
11,-72.51555539663815
12,-72.51555539663815
13,-72.51555539663815
14,-72.51555539663815
15,-72.51555539663815
16,-72.51555539663815
17,-72.51555539663815
18,-72.51555539663815
19,-72.51555539663815
20,-72.51555539663815
21,-72.51555539663815
22,-72.51555539663815
23,-72.51555539663815
24,-72.51555539663815
25,-72.51555539663815
26,-72.51555539663815
27,-72.51555539663815
28,-72.51555539663815
29,-72.51555539663815
30,-72.51555539663815
31,-72.51555539663815
32,-72.51555539663815
33,-72.51555539663815
34,-72.51555539663815
35,-72.51555539663815
36,-72.51555539663815
37,-72.51555539663815
38,-72.51555539663815
39,-72.51555539663815
40,-72.51555539663815
41,-72.51555539663815
42,-72.51555539663815
43,-72.51555539663815
44,-72.51555539663815
45,-72.51555539663815
46,-72.51555539663815
47,-72.51555539663815
48,-72.51555539663815
49,-72.51555539663815
50,-72.51555539663815
51,-72.51555539663815
52,-72.51555539663815
53,-72.51555539663815
54,-72.51555539663815
55,-72.51555539663815
56,-72.51555539663815
57,-72.51555539663815
58,-72.51555539663815
59,-72.51555539663815
60,-72.51555539663815
61,-72.51555539663815
62,-72.51555539663815
63,-72.51555539663815
64,-72.51555539663815
65,-72.51555539663815
66,-72.51555539663815
67,-72.51555539663815
68,-72.51555539663815
69,-72.51555539663815
70,-72.51555539663815
71,-72.51555539663815
72,-72.51555539663815
73,-72.51555539663815
74,-72.51555539663815
75,-72.51555539663815
76,-72.51555539663815
77,41.742772217916865
78,41.742772217916865
79,41.742772217916865
80,41.742772217916865
81,41.742772217916865
82,41.742772217916865
83,41.742772217916865
84,41.742772217916865
85,41.742772217916865
86,41.742772217916865
87,41.742772217916865
88,41.742772217916865
89,41.742772217916865
90,41.742772217916865
91,41.742772217916865
92,41.742772217916865
93,41.742772217916865
94,41.742772217916865
95,41.742772217916865
96,41.742772217916865
97,41.742772217916865
98,41.742772217916865
99,41.742772217916865
100,41.742772217916865
101,41.742772217916865
102,41.742772217916865
103,41.742772217916865
104,41.742772217916865
105,41.742772217916865
106,41.742772217916865
107,41.742772217916865
108,41.742772217916865
109,41.742772217916865
110,41.742772217916865
111,41.742772217916865
112,41.742772217916865
113,41.742772217916865
114,41.742772217916865
115,41.742772217916865
116,41.742772217916865
117,41.742772217916865
118,41.742772217916865
119,41.742772217916865
120,41.742772217916865
121,41.742772217916865
122,41.742772217916865
123,41.742772217916865
124,41.742772217916865
125,41.742772217916865
126,41.742772217916865
127,41.742772217916865
128,41.742772217916865
129,41.742772217916865
130,41.742772217916865
131,41.742772217916865
132,41.742772217916865
133,41.742772217916865
134,41.742772217916865
135,41.742772217916865
136,41.742772217916865
137,41.742772217916865
138,41.742772217916865
139,41.742772217916865
140,41.742772217916865
141,41.742772217916865
142,41.742772217916865
143,41.742772217916865
144,41.742772217916865
145,41.742772217916865
146,41.742772217916865
147,41.742772217916865
148,41.742772217916865
149,41.742772217916865
150,41.742772217916865
151,41.742772217916865
152,41.742772217916865
153,41.742772217916865
154,41.742772217916865
155,41.742772217916865
156,41.742772217916865
157,41.742772217916865
158,41.742772217916865
159,41.742772217916865
160,41.742772217916865
161,41.742772217916865
162,41.742772217916865
163,41.742772217916865
164,41.742772217916865
165,41.742772217916865
166,41.742772217916865
167,41.742772217916865
168,41.742772217916865
169,41.742772217916865
170,41.742772217916865
171,41.742772217916865
172,41.742772217916865
173,41.742772217916865
174,41.742772217916865
175,41.742772217916865
176,41.742772217916865
177,41.742772217916865
178,41.742772217916865
179,41.742772217916865
180,41.742772217916865
181,41.742772217916865
182,41.742772217916865
183,41.742772217916865
184,41.742772217916865
185,41.742772217916865
186,41.742772217916865
187,41.742772217916865
188,41.742772217916865
189,41.742772217916865
190,41.742772217916865
191,41.742772217916865
192,41.742772217916865
193,41.742772217916865
194,41.742772217916865
195,41.742772217916865
196,41.742772217916865
197,41.742772217916865
198,41.742772217916865
199,41.742772217916865
200,41.742772217916865
201,41.742772217916865
202,41.742772217916865
203,41.742772217916865
204,41.742772217916865
205,41.742772217916865
206,41.742772217916865
207,41.742772217916865
208,41.742772217916865
209,41.742772217916865
210,41.742772217916865
211,41.742772217916865
212,41.742772217916865
213,41.742772217916865
214,41.742772217916865
215,41.742772217916865
216,41.742772217916865
217,41.742772217916865
218,41.742772217916865
219,41.742772217916865
220,41.742772217916865
221,41.742772217916865
222,41.742772217916865
223,41.742772217916865
224,41.742772217916865
225,41.742772217916865
226,41.742772217916865
227,41.742772217916865
228,41.742772217916865
229,41.742772217916865
230,41.742772217916865
231,41.742772217916865
232,41.742772217916865
233,41.742772217916865
234,41.742772217916865
235,41.742772217916865
236,41.742772217916865
237,41.742772217916865
238,41.742772217916865
239,41.742772217916865
240,41.742772217916865
241,41.742772217916865
242,41.742772217916865
243,41.742772217916865
244,41.742772217916865
245,41.742772217916865
246,41.742772217916865
247,41.742772217916865
248,41.742772217916865
249,41.742772217916865
250,41.742772217916865
251,41.742772217916865
252,41.742772217916865
253,41.742772217916865
254,41.742772217916865
255,41.742772217916865
256,41.742772217916865
257,41.742772217916865
258,41.742772217916865
259,41.742772217916865
260,41.742772217916865
261,41.742772217916865
262,41.742772217916865
263,41.742772217916865
264,41.742772217916865
265,41.742772217916865
266,41.742772217916865
267,41.742772217916865
268,41.742772217916865
269,41.742772217916865
270,41.742772217916865
271,41.742772217916865
272,41.742772217916865
273,41.742772217916865
274,41.742772217916865
275,41.742772217916865
276,41.742772217916865
277,41.742772217916865
278,41.742772217916865
279,41.742772217916865
280,41.742772217916865
281,41.742772217916865
282,41.742772217916865
283,41.742772217916865
284,41.742772217916865
285,41.742772217916865
286,41.742772217916865
287,41.742772217916865
288,41.742772217916865
289,41.742772217916865
290,41.742772217916865
291,41.742772217916865
292,41.742772217916865
293,41.742772217916865
294,41.742772217916865
295,41.742772217916865
296,41.742772217916865
297,41.742772217916865
298,41.742772217916865
299,41.742772217916865
300,41.742772217916865
301,41.742772217916865
302,41.742772217916865
303,41.742772217916865
304,41.742772217916865
305,41.742772217916865
306,41.742772217916865
307,41.742772217916865
308,41.742772217916865
309,41.742772217916865
310,41.742772217916865
311,41.742772217916865
312,41.742772217916865
313,41.742772217916865
314,41.742772217916865
315,41.742772217916865
316,41.742772217916865
317,41.742772217916865
318,41.742772217916865
319,41.742772217916865
320,41.742772217916865
321,41.742772217916865
322,41.742772217916865
323,41.742772217916865
324,41.742772217916865
325,41.742772217916865
326,41.742772217916865
327,41.742772217916865
328,41.742772217916865
329,41.742772217916865
330,41.742772217916865
331,41.742772217916865
332,41.742772217916865
333,41.742772217916865
334,41.742772217916865
335,41.742772217916865
336,41.742772217916865
337,41.742772217916865
338,41.742772217916865
339,41.742772217916865
340,41.742772217916865
341,41.742772217916865
342,41.742772217916865
343,41.742772217916865
344,41.742772217916865
345,41.742772217916865
346,41.742772217916865
347,41.742772217916865
348,41.742772217916865
349,41.742772217916865
350,41.742772217916865
351,41.742772217916865
352,41.742772217916865
353,41.742772217916865
354,41.742772217916865
355,41.742772217916865
356,41.742772217916865
357,41.742772217916865
358,41.742772217916865
359,41.742772217916865
360,41.742772217916865
361,41.742772217916865
362,41.742772217916865
363,41.742772217916865
364,41.742772217916865
365,41.742772217916865
366,41.742772217916865
367,41.742772217916865
368,41.742772217916865
369,41.742772217916865
370,41.742772217916865
371,41.742772217916865
372,41.742772217916865
373,41.742772217916865
374,41.742772217916865
375,41.742772217916865
376,41.742772217916865
377,41.742772217916865
378,41.742772217916865
379,41.742772217916865
380,41.742772217916865
381,41.742772217916865
382,41.742772217916865
383,41.742772217916865
384,41.742772217916865
385,41.742772217916865
386,41.742772217916865
387,41.742772217916865
388,41.742772217916865
389,41.742772217916865
390,41.742772217916865
391,41.742772217916865
392,41.742772217916865
393,41.742772217916865
394,41.742772217916865
395,41.742772217916865
396,41.742772217916865
397,41.742772217916865
398,41.742772217916865
399,41.742772217916865
400,41.742772217916865
401,41.742772217916865
402,41.742772217916865
403,41.742772217916865
404,41.742772217916865
405,41.742772217916865
406,41.742772217916865
407,41.742772217916865
408,41.742772217916865
409,41.742772217916865
410,41.742772217916865
411,41.742772217916865
412,41.742772217916865
413,41.742772217916865
414,41.742772217916865
415,41.742772217916865
416,41.742772217916865
417,41.742772217916865
418,41.742772217916865
419,41.742772217916865
420,41.742772217916865
421,41.742772217916865
422,41.742772217916865
423,41.742772217916865
424,41.742772217916865
425,41.742772217916865
426,41.742772217916865
427,41.742772217916865
428,41.742772217916865
429,41.742772217916865
430,41.742772217916865
431,41.742772217916865
432,41.742772217916865
433,41.742772217916865
434,41.742772217916865
435,41.742772217916865
436,41.742772217916865
437,41.742772217916865
438,41.742772217916865
439,41.742772217916865
440,41.742772217916865
441,41.742772217916865
442,41.742772217916865
443,41.742772217916865
444,41.742772217916865
445,41.742772217916865
446,41.742772217916865
447,41.742772217916865
448,41.742772217916865
449,41.742772217916865
450,41.742772217916865
451,41.742772217916865
452,41.742772217916865
453,41.742772217916865
454,41.742772217916865
455,41.742772217916865
456,41.742772217916865
457,41.742772217916865
458,41.742772217916865
459,41.742772217916865
460,41.742772217916865
461,41.742772217916865
462,41.742772217916865
463,41.742772217916865
464,41.742772217916865
465,41.742772217916865
466,41.742772217916865
467,41.742772217916865
468,41.742772217916865
469,41.742772217916865
470,41.742772217916865
471,41.742772217916865
472,41.742772217916865
473,41.742772217916865
474,41.742772217916865
475,41.742772217916865
476,41.742772217916865
477,41.742772217916865
478,41.742772217916865
479,41.742772217916865
480,41.742772217916865
481,41.742772217916865
482,41.742772217916865
483,41.742772217916865
484,41.742772217916865
485,41.742772217916865
486,41.742772217916865
487,41.742772217916865
488,41.742772217916865
489,41.742772217916865
490,41.742772217916865
491,41.742772217916865
492,41.742772217916865
493,41.742772217916865
494,41.742772217916865
495,41.742772217916865
496,41.742772217916865
497,41.742772217916865
498,41.742772217916865
499,41.742772217916865
500,41.742772217916865
501,41.742772217916865
502,41.742772217916865
503,41.742772217916865
504,41.742772217916865
505,41.742772217916865
506,41.742772217916865
507,41.742772217916865
508,41.742772217916865
509,41.742772217916865
510,41.742772217916865
511,41.742772217916865
512,41.742772217916865
513,41.742772217916865
514,41.742772217916865
515,41.742772217916865
516,41.742772217916865
517,41.742772217916865
518,41.742772217916865
519,41.742772217916865
520,41.742772217916865
521,41.742772217916865
522,41.742772217916865
523,41.742772217916865
524,41.742772217916865
525,41.742772217916865
526,41.742772217916865
527,41.742772217916865
528,41.742772217916865
529,41.742772217916865
530,41.742772217916865
531,41.742772217916865
532,41.742772217916865
533,41.742772217916865
534,41.742772217916865
535,41.742772217916865
536,41.742772217916865
537,41.742772217916865
538,41.742772217916865
539,41.742772217916865
540,41.742772217916865
541,41.742772217916865
542,41.742772217916865
543,41.742772217916865
544,41.742772217916865
545,41.742772217916865
546,41.742772217916865
547,41.742772217916865
548,41.742772217916865
549,41.742772217916865
550,41.742772217916865
551,41.742772217916865
552,41.742772217916865
553,41.742772217916865
554,41.742772217916865
555,41.742772217916865
556,41.742772217916865
557,41.742772217916865
558,41.742772217916865
559,41.742772217916865
560,41.742772217916865
561,41.742772217916865
562,41.742772217916865
563,41.742772217916865
564,41.742772217916865
565,41.742772217916865
566,41.742772217916865
567,41.742772217916865
568,41.742772217916865
569,41.742772217916865
570,41.742772217916865
571,41.742772217916865
572,41.742772217916865
573,41.742772217916865
574,41.742772217916865
575,41.742772217916865
576,41.742772217916865
577,41.742772217916865
578,41.742772217916865
579,41.742772217916865
580,41.742772217916865
581,41.742772217916865
582,41.742772217916865
583,41.742772217916865
584,41.742772217916865
585,41.742772217916865
586,41.742772217916865
587,41.742772217916865
588,41.742772217916865
589,41.742772217916865
590,41.742772217916865
591,41.742772217916865
592,41.742772217916865
593,41.742772217916865
594,41.742772217916865
595,41.742772217916865
596,41.742772217916865
597,41.742772217916865
598,41.742772217916865
599,41.742772217916865
600,41.742772217916865
601,41.742772217916865
602,41.742772217916865
603,41.742772217916865
604,41.742772217916865
605,41.742772217916865
606,41.742772217916865
607,41.742772217916865
608,41.742772217916865
609,41.742772217916865
610,41.742772217916865
611,41.742772217916865
612,41.742772217916865
613,41.742772217916865
614,41.742772217916865
615,41.742772217916865
616,41.742772217916865
617,41.742772217916865
618,41.742772217916865
619,41.742772217916865
620,41.742772217916865
621,41.742772217916865
622,41.742772217916865
623,41.742772217916865
624,41.742772217916865
625,41.742772217916865
626,41.742772217916865
627,41.742772217916865
628,41.742772217916865
629,41.742772217916865
630,41.742772217916865
631,41.742772217916865
632,41.742772217916865
633,41.742772217916865
634,41.742772217916865
635,41.742772217916865
636,41.742772217916865
637,41.742772217916865
638,41.742772217916865
639,41.742772217916865
640,41.742772217916865
641,41.742772217916865
642,41.742772217916865
643,41.742772217916865
644,41.742772217916865
645,41.742772217916865
646,41.742772217916865
647,41.742772217916865
648,41.742772217916865
649,41.742772217916865
650,41.742772217916865
651,41.742772217916865
652,41.742772217916865
653,41.742772217916865
654,41.742772217916865
655,41.742772217916865
656,41.742772217916865
657,41.742772217916865
658,41.742772217916865
659,41.742772217916865
660,41.742772217916865
661,41.742772217916865
662,41.742772217916865
663,41.742772217916865
664,41.742772217916865
665,41.742772217916865
666,41.742772217916865
667,41.742772217916865
668,41.742772217916865
669,41.742772217916865
670,41.742772217916865
671,41.742772217916865
672,41.742772217916865
673,41.742772217916865
674,41.742772217916865
675,41.742772217916865
676,41.742772217916865
677,41.742772217916865
678,41.742772217916865
679,41.742772217916865
680,41.742772217916865
681,41.742772217916865
682,41.742772217916865
683,41.742772217916865
684,41.742772217916865
685,41.742772217916865
686,41.742772217916865
687,41.742772217916865
688,41.742772217916865
689,41.742772217916865
690,41.742772217916865
691,41.742772217916865
692,41.742772217916865
693,41.742772217916865
694,41.742772217916865
695,41.742772217916865
696,41.742772217916865
697,41.742772217916865
698,41.742772217916865
699,41.742772217916865
700,41.742772217916865
701,41.742772217916865
702,41.742772217916865
703,41.742772217916865
704,41.742772217916865
705,41.742772217916865
706,41.742772217916865
707,41.742772217916865
708,41.742772217916865
709,41.742772217916865
710,41.742772217916865
711,41.742772217916865
712,41.742772217916865
713,41.742772217916865
714,41.742772217916865
715,41.742772217916865
716,41.742772217916865
717,41.742772217916865
718,41.742772217916865
719,41.742772217916865
720,41.742772217916865
721,41.742772217916865
722,41.742772217916865
723,41.742772217916865
724,41.742772217916865
725,41.742772217916865
726,41.742772217916865
727,41.742772217916865
728,41.742772217916865
729,41.742772217916865
730,41.742772217916865
731,41.742772217916865
732,41.742772217916865
733,41.742772217916865
734,41.742772217916865
735,41.742772217916865
736,41.742772217916865
737,41.742772217916865
738,41.742772217916865
739,41.742772217916865
740,41.742772217916865
741,41.742772217916865
742,41.742772217916865
743,41.742772217916865
744,41.742772217916865
745,41.742772217916865
746,41.742772217916865
747,41.742772217916865
748,41.742772217916865
749,41.742772217916865
750,41.742772217916865
751,41.742772217916865
752,41.742772217916865
753,41.742772217916865
754,41.742772217916865
755,41.742772217916865
756,41.742772217916865
757,41.742772217916865
758,41.742772217916865
759,41.742772217916865
760,41.742772217916865
761,41.742772217916865
762,41.742772217916865
763,41.742772217916865
764,41.742772217916865
765,41.742772217916865
766,41.742772217916865
767,41.742772217916865
768,41.742772217916865
769,41.742772217916865
770,41.742772217916865
771,41.742772217916865
772,41.742772217916865
773,41.742772217916865
774,41.742772217916865
775,41.742772217916865
776,41.742772217916865
777,41.742772217916865
778,41.742772217916865
779,41.742772217916865
780,41.742772217916865
781,41.742772217916865
782,41.742772217916865
783,41.742772217916865
784,41.742772217916865
785,41.742772217916865
786,41.742772217916865
787,41.742772217916865
788,41.742772217916865
789,41.742772217916865
790,41.742772217916865
791,41.742772217916865
792,41.742772217916865
793,41.742772217916865
794,41.742772217916865
795,41.742772217916865
796,41.742772217916865
797,41.742772217916865
798,41.742772217916865
799,41.742772217916865
800,41.742772217916865
801,41.742772217916865
802,41.742772217916865
803,41.742772217916865
804,41.742772217916865
805,41.742772217916865
806,41.742772217916865
807,41.742772217916865
808,41.742772217916865
809,41.742772217916865
810,41.742772217916865
811,41.742772217916865
812,41.742772217916865
813,41.742772217916865
814,41.742772217916865
815,41.742772217916865
816,41.742772217916865
817,41.742772217916865
818,41.742772217916865
819,41.742772217916865
820,41.742772217916865
821,41.742772217916865
822,41.742772217916865
823,41.742772217916865
824,41.742772217916865
825,41.742772217916865
826,41.742772217916865
827,41.742772217916865
828,41.742772217916865
829,41.742772217916865
830,41.742772217916865
831,41.742772217916865
832,41.742772217916865
833,41.742772217916865
834,41.742772217916865
835,41.742772217916865
836,41.742772217916865
837,41.742772217916865
838,41.742772217916865
839,41.742772217916865
840,41.742772217916865
841,41.742772217916865
842,41.742772217916865
843,41.742772217916865
844,41.742772217916865
845,41.742772217916865
846,41.742772217916865
847,41.742772217916865
848,41.742772217916865
849,41.742772217916865
850,41.742772217916865
851,41.742772217916865
852,41.742772217916865
853,41.742772217916865
854,41.742772217916865
855,41.742772217916865
856,41.742772217916865
857,41.742772217916865
858,41.742772217916865
859,41.742772217916865
860,41.742772217916865
861,41.742772217916865
862,41.742772217916865
863,41.742772217916865
864,41.742772217916865
865,41.742772217916865
866,41.742772217916865
867,41.742772217916865
868,41.742772217916865
869,41.742772217916865
870,41.742772217916865
871,41.742772217916865
872,41.742772217916865
873,41.742772217916865
874,41.742772217916865
875,41.742772217916865
876,41.742772217916865
877,41.742772217916865
878,41.742772217916865
879,41.742772217916865
880,41.742772217916865
881,41.742772217916865
882,41.742772217916865
883,41.742772217916865
884,41.742772217916865
885,41.742772217916865
886,41.742772217916865
887,41.742772217916865
888,41.742772217916865
889,41.742772217916865
890,250.48321142610996
891,250.48321142610996
892,250.48321142610996
893,250.48321142610996
894,250.48321142610996
895,250.48321142610996
896,250.48321142610996
897,250.48321142610996
898,250.48321142610996
899,250.48321142610996
900,250.48321142610996
901,250.48321142610996
902,250.48321142610996
903,250.48321142610996
904,250.48321142610996
905,250.48321142610996
906,250.48321142610996
907,250.48321142610996
908,250.48321142610996
909,250.48321142610996
910,250.48321142610996
911,250.48321142610996
912,250.48321142610996
913,250.48321142610996
914,250.48321142610996
915,250.48321142610996
916,250.48321142610996
917,250.48321142610996
918,250.48321142610996
919,250.48321142610996
920,250.48321142610996
921,250.48321142610996
922,250.48321142610996
923,250.48321142610996
924,250.48321142610996
925,250.48321142610996
926,250.48321142610996
927,250.48321142610996
928,250.48321142610996
929,250.48321142610996
930,250.48321142610996
931,250.48321142610996
932,250.48321142610996
933,250.48321142610996
934,250.48321142610996
935,250.48321142610996
936,250.48321142610996
937,250.48321142610996
938,250.48321142610996
939,250.48321142610996
940,250.48321142610996
941,250.48321142610996
942,250.48321142610996
943,250.48321142610996
944,250.48321142610996
945,250.48321142610996
946,250.48321142610996
947,250.48321142610996
948,250.48321142610996
949,250.48321142610996
950,250.48321142610996
951,250.48321142610996
952,250.48321142610996
953,250.48321142610996
954,250.48321142610996
955,250.48321142610996
956,250.48321142610996
957,250.48321142610996
958,250.48321142610996
959,250.48321142610996
960,250.48321142610996
961,250.48321142610996
962,250.48321142610996
963,250.48321142610996
964,250.48321142610996
965,250.48321142610996
966,250.48321142610996
967,250.48321142610996
968,250.48321142610996
969,250.48321142610996
970,250.48321142610996
971,250.48321142610996
972,250.48321142610996
973,250.48321142610996
974,250.48321142610996
975,250.48321142610996
976,250.48321142610996
977,250.48321142610996
978,250.48321142610996
979,250.48321142610996
980,250.48321142610996
981,250.48321142610996
982,250.48321142610996
983,250.48321142610996
984,250.48321142610996
985,250.48321142610996
986,250.48321142610996
987,250.48321142610996
988,250.48321142610996
989,250.48321142610996
990,250.48321142610996
991,250.48321142610996
992,250.48321142610996
993,250.48321142610996
994,250.48321142610996
995,250.48321142610996
996,250.48321142610996
997,250.48321142610996
998,250.48321142610996
999,250.48321142610996
1000,250.48321142610996
1001,250.48321142610996
1002,250.48321142610996
1003,250.48321142610996
1004,250.48321142610996
1005,250.48321142610996
1006,250.48321142610996
1007,250.48321142610996
1008,250.48321142610996
1009,250.48321142610996
1010,250.48321142610996
1011,250.48321142610996
1012,250.48321142610996
1013,250.48321142610996
1014,250.48321142610996
1015,250.48321142610996
1016,250.48321142610996
1017,250.48321142610996
1018,250.48321142610996
1019,250.48321142610996
1020,250.48321142610996
1021,250.48321142610996
1022,250.48321142610996
1023,250.48321142610996
1024,250.48321142610996
1025,250.48321142610996
1026,250.48321142610996
1027,250.48321142610996
1028,250.48321142610996
1029,250.48321142610996
1030,250.48321142610996
1031,250.48321142610996
1032,250.48321142610996
1033,250.48321142610996
1034,250.48321142610996
1035,250.48321142610996
1036,250.48321142610996
1037,250.48321142610996
1038,250.48321142610996
1039,250.48321142610996
1040,250.48321142610996
1041,250.48321142610996
1042,250.48321142610996
1043,250.48321142610996
1044,250.48321142610996
1045,250.48321142610996
1046,250.48321142610996
1047,250.48321142610996
1048,250.48321142610996
1049,250.48321142610996
1050,250.48321142610996
1051,250.48321142610996
1052,250.48321142610996
1053,250.48321142610996
1054,250.48321142610996
1055,250.48321142610996
1056,250.48321142610996
1057,250.48321142610996
1058,250.48321142610996
1059,250.48321142610996
1060,250.48321142610996
1061,250.48321142610996
1062,250.48321142610996
1063,250.48321142610996
1064,250.48321142610996
1065,250.48321142610996
1066,250.48321142610996
1067,250.48321142610996
1068,250.48321142610996
1069,250.48321142610996
1070,250.48321142610996
1071,250.48321142610996
1072,250.48321142610996
1073,250.48321142610996
1074,250.48321142610996
1075,250.48321142610996
1076,250.48321142610996
1077,250.48321142610996
1078,250.48321142610996
1079,250.48321142610996
1080,250.48321142610996
1081,250.48321142610996
1082,250.48321142610996
1083,250.48321142610996
1084,250.48321142610996
1085,250.48321142610996
1086,250.48321142610996
1087,250.48321142610996
1088,250.48321142610996
1089,250.48321142610996
1090,250.48321142610996
1091,250.48321142610996
1092,250.48321142610996
1093,250.48321142610996
1094,250.48321142610996
1095,250.48321142610996
1096,250.48321142610996
1097,250.48321142610996
1098,250.48321142610996
1099,250.48321142610996
1100,250.48321142610996
1101,250.48321142610996
1102,250.48321142610996
1103,250.48321142610996
1104,250.48321142610996
1105,250.48321142610996
1106,250.48321142610996
1107,250.48321142610996
1108,250.48321142610996
1109,250.48321142610996
1110,250.48321142610996
1111,250.48321142610996
1112,250.48321142610996
1113,250.48321142610996
1114,250.48321142610996
1115,250.48321142610996
1116,250.48321142610996
1117,250.48321142610996
1118,250.48321142610996
1119,250.48321142610996
1120,250.48321142610996
1121,250.48321142610996
1122,250.48321142610996
1123,250.48321142610996
1124,250.48321142610996
1125,250.48321142610996
1126,250.48321142610996
1127,250.48321142610996
1128,250.48321142610996
1129,250.48321142610996
1130,250.48321142610996
1131,250.48321142610996
1132,250.48321142610996
1133,250.48321142610996
1134,250.48321142610996
1135,250.48321142610996
1136,250.48321142610996
1137,250.48321142610996
1138,250.48321142610996
1139,250.48321142610996
1140,250.48321142610996
1141,250.48321142610996
1142,250.48321142610996
1143,250.48321142610996
1144,250.48321142610996
1145,250.48321142610996
1146,250.48321142610996
1147,250.48321142610996
1148,250.48321142610996
1149,250.48321142610996
1150,250.48321142610996
1151,250.48321142610996
1152,250.48321142610996
1153,250.48321142610996
1154,250.48321142610996
1155,250.48321142610996
1156,250.48321142610996
1157,250.48321142610996
1158,250.48321142610996
1159,250.48321142610996
1160,250.48321142610996
1161,250.48321142610996
1162,250.48321142610996
1163,250.48321142610996
1164,250.48321142610996
1165,250.48321142610996
1166,250.48321142610996
1167,250.48321142610996
1168,250.48321142610996
1169,250.48321142610996
1170,250.48321142610996
1171,250.48321142610996
1172,250.48321142610996
1173,250.48321142610996
1174,250.48321142610996
1175,250.48321142610996
1176,250.48321142610996
1177,250.48321142610996
1178,250.48321142610996
1179,250.48321142610996
1180,250.48321142610996
1181,250.48321142610996
1182,250.48321142610996
1183,250.48321142610996
1184,250.48321142610996
1185,250.48321142610996
1186,250.48321142610996
1187,250.48321142610996
1188,250.48321142610996
1189,250.48321142610996
1190,250.48321142610996
1191,250.48321142610996
1192,250.48321142610996
1193,250.48321142610996
1194,250.48321142610996
1195,250.48321142610996
1196,250.48321142610996
1197,250.48321142610996
1198,250.48321142610996
1199,250.48321142610996
1200,250.48321142610996
1201,250.48321142610996
1202,250.48321142610996
1203,250.48321142610996
1204,250.48321142610996
1205,250.48321142610996
1206,250.48321142610996
1207,250.48321142610996
1208,250.48321142610996
1209,250.48321142610996
1210,250.48321142610996
1211,250.48321142610996
1212,250.48321142610996
1213,250.48321142610996
1214,250.48321142610996
1215,250.48321142610996
1216,250.48321142610996
1217,250.48321142610996
1218,250.48321142610996
1219,250.48321142610996
1220,250.48321142610996
1221,250.48321142610996
1222,250.48321142610996
1223,250.48321142610996
1224,250.48321142610996
1225,250.48321142610996
1226,250.48321142610996
1227,250.48321142610996
1228,250.48321142610996
1229,250.48321142610996
1230,250.48321142610996
1231,250.48321142610996
1232,250.48321142610996
1233,250.48321142610996
1234,250.48321142610996
1235,250.48321142610996
1236,250.48321142610996
1237,250.48321142610996
1238,250.48321142610996
1239,250.48321142610996
1240,250.48321142610996
1241,250.48321142610996
1242,250.48321142610996
1243,250.48321142610996
1244,250.48321142610996
1245,250.48321142610996
1246,262.2482476619207
1247,262.2482476619207
1248,262.2482476619207
1249,262.2482476619207
1250,262.2482476619207
1251,262.2482476619207
1252,262.2482476619207
1253,262.2482476619207
1254,262.2482476619207
1255,262.2482476619207
1256,262.2482476619207
1257,262.2482476619207
1258,262.2482476619207
1259,262.2482476619207
1260,262.2482476619207
1261,262.2482476619207
1262,262.2482476619207
1263,262.2482476619207
1264,262.2482476619207
1265,262.2482476619207
1266,262.2482476619207
1267,262.2482476619207
1268,262.2482476619207
1269,262.2482476619207
1270,262.2482476619207
1271,262.2482476619207
1272,262.2482476619207
1273,262.2482476619207
1274,262.2482476619207
1275,262.2482476619207
1276,262.2482476619207
1277,262.2482476619207
1278,262.2482476619207
1279,262.2482476619207
1280,262.2482476619207
1281,262.2482476619207
1282,262.2482476619207
1283,262.2482476619207
1284,262.2482476619207
1285,262.2482476619207
1286,262.2482476619207
1287,262.2482476619207
1288,262.2482476619207
1289,262.2482476619207
1290,262.2482476619207
1291,262.2482476619207
1292,262.2482476619207
1293,262.2482476619207
1294,262.2482476619207
1295,262.2482476619207
1296,262.2482476619207
1297,262.2482476619207
1298,262.2482476619207
1299,262.2482476619207
1300,262.2482476619207
1301,262.2482476619207
1302,262.2482476619207
1303,262.2482476619207
1304,262.2482476619207
1305,262.2482476619207
1306,262.2482476619207
1307,262.2482476619207
1308,262.2482476619207
1309,262.2482476619207
1310,262.2482476619207
1311,262.2482476619207
1312,262.2482476619207
1313,262.2482476619207
1314,262.2482476619207
1315,262.2482476619207
1316,262.2482476619207
1317,262.2482476619207
1318,262.2482476619207
1319,262.2482476619207
1320,262.2482476619207
1321,262.2482476619207
1322,262.2482476619207
1323,262.2482476619207
1324,262.2482476619207
1325,262.2482476619207
1326,262.2482476619207
1327,262.2482476619207
1328,262.2482476619207
1329,262.2482476619207
1330,262.2482476619207
1331,262.2482476619207
1332,262.2482476619207
1333,262.2482476619207
1334,262.2482476619207
1335,262.2482476619207
1336,262.2482476619207
1337,262.2482476619207
1338,262.2482476619207
1339,262.2482476619207
1340,262.2482476619207
1341,262.2482476619207
1342,262.2482476619207
1343,262.2482476619207
1344,262.2482476619207
1345,262.2482476619207
1346,262.2482476619207
1347,262.2482476619207
1348,262.2482476619207
1349,262.2482476619207
1350,262.2482476619207
1351,262.2482476619207
1352,262.2482476619207
1353,262.2482476619207
1354,262.2482476619207
1355,262.2482476619207
1356,262.2482476619207
1357,262.2482476619207
1358,262.2482476619207
1359,262.2482476619207
1360,262.2482476619207
1361,262.2482476619207
1362,262.2482476619207
1363,262.2482476619207
1364,262.2482476619207
1365,262.2482476619207
1366,262.2482476619207
1367,262.2482476619207
1368,262.2482476619207
1369,262.2482476619207
1370,262.2482476619207
1371,262.2482476619207
1372,262.2482476619207
1373,262.2482476619207
1374,262.2482476619207
1375,262.2482476619207
1376,262.2482476619207
1377,262.2482476619207
1378,262.2482476619207
1379,262.2482476619207
1380,262.2482476619207
1381,262.2482476619207
1382,262.2482476619207
1383,262.2482476619207
1384,262.2482476619207
1385,262.2482476619207
1386,262.2482476619207
1387,262.2482476619207
1388,262.2482476619207
1389,262.2482476619207
1390,262.2482476619207
1391,262.2482476619207
1392,262.2482476619207
1393,262.2482476619207
1394,262.2482476619207
1395,262.2482476619207
1396,262.2482476619207
1397,262.2482476619207
1398,262.2482476619207
1399,262.2482476619207
1400,262.2482476619207
1401,262.2482476619207
1402,262.2482476619207
1403,262.2482476619207
1404,262.2482476619207
1405,262.2482476619207
1406,262.2482476619207
1407,262.2482476619207
1408,262.2482476619207
1409,262.2482476619207
1410,262.2482476619207
1411,262.2482476619207
1412,262.2482476619207
1413,262.2482476619207
1414,262.2482476619207
1415,262.2482476619207
1416,262.2482476619207
1417,262.2482476619207
1418,262.2482476619207
1419,262.2482476619207
1420,262.2482476619207
1421,262.2482476619207
1422,262.2482476619207
1423,262.2482476619207
1424,262.2482476619207
1425,262.2482476619207
1426,262.2482476619207
1427,262.2482476619207
1428,262.2482476619207
1429,262.2482476619207
1430,262.2482476619207
1431,262.2482476619207
1432,262.2482476619207
1433,262.2482476619207
1434,262.2482476619207
1435,262.2482476619207
1436,262.2482476619207
1437,262.2482476619207
1438,262.2482476619207
1439,262.2482476619207
1440,262.2482476619207
1441,262.2482476619207
1442,262.2482476619207
1443,262.2482476619207
1444,262.2482476619207
1445,262.2482476619207
1446,262.2482476619207
1447,262.2482476619207
1448,262.2482476619207
1449,262.2482476619207
1450,262.2482476619207
1451,262.2482476619207
1452,262.2482476619207
1453,262.2482476619207
1454,262.2482476619207
1455,262.2482476619207
1456,262.2482476619207
1457,262.2482476619207
1458,262.2482476619207
1459,262.2482476619207
1460,262.2482476619207
1461,262.2482476619207
1462,262.2482476619207
1463,262.2482476619207
1464,262.2482476619207
1465,262.2482476619207
1466,262.2482476619207
1467,262.2482476619207
1468,262.2482476619207
1469,262.2482476619207
1470,262.2482476619207
1471,262.2482476619207
1472,262.2482476619207
1473,262.2482476619207
1474,262.2482476619207
1475,262.2482476619207
1476,262.2482476619207
1477,262.2482476619207
1478,262.2482476619207
1479,262.2482476619207
1480,262.2482476619207
1481,262.2482476619207
1482,262.2482476619207
1483,262.2482476619207
1484,262.2482476619207
1485,262.2482476619207
1486,262.2482476619207
1487,262.2482476619207
1488,262.2482476619207
1489,262.2482476619207
1490,262.2482476619207
1491,262.2482476619207
1492,262.2482476619207
1493,262.2482476619207
1494,262.2482476619207
1495,262.2482476619207
1496,262.2482476619207
1497,262.2482476619207
1498,262.2482476619207
1499,262.2482476619207
1500,262.2482476619207
1501,262.2482476619207
1502,262.2482476619207
1503,262.2482476619207
1504,262.2482476619207
1505,262.2482476619207
1506,262.2482476619207
1507,262.2482476619207
1508,262.2482476619207
1509,262.2482476619207
1510,262.2482476619207
1511,262.2482476619207
1512,262.2482476619207
1513,262.2482476619207
1514,262.2482476619207
1515,262.2482476619207
1516,262.2482476619207
1517,262.2482476619207
1518,262.2482476619207
1519,262.2482476619207
1520,262.2482476619207
1521,262.2482476619207
1522,262.2482476619207
1523,262.2482476619207
1524,262.2482476619207
1525,262.2482476619207
1526,262.2482476619207
1527,262.2482476619207
1528,262.2482476619207
1529,262.2482476619207
1530,262.2482476619207
1531,262.2482476619207
1532,262.2482476619207
1533,262.2482476619207
1534,262.2482476619207
1535,262.2482476619207
1536,262.2482476619207
1537,262.2482476619207
1538,262.2482476619207
1539,262.2482476619207
1540,262.2482476619207
1541,262.2482476619207
1542,262.2482476619207
1543,262.2482476619207
1544,262.2482476619207
1545,262.2482476619207
1546,262.2482476619207
1547,262.2482476619207
1548,262.2482476619207
1549,262.2482476619207
1550,262.2482476619207
1551,262.2482476619207
1552,262.2482476619207
1553,262.2482476619207
1554,262.2482476619207
1555,262.2482476619207
1556,262.2482476619207
1557,262.2482476619207
1558,262.2482476619207
1559,262.2482476619207
1560,262.2482476619207
1561,262.2482476619207
1562,262.2482476619207
1563,262.2482476619207
1564,262.2482476619207
1565,262.2482476619207
1566,262.2482476619207
1567,262.2482476619207
1568,262.2482476619207
1569,262.2482476619207
1570,262.2482476619207
1571,262.2482476619207
1572,262.2482476619207
1573,262.2482476619207
1574,262.2482476619207
1575,262.2482476619207
1576,262.2482476619207
1577,262.2482476619207
1578,262.2482476619207
1579,262.2482476619207
1580,262.2482476619207
1581,262.2482476619207
1582,262.2482476619207
1583,262.2482476619207
1584,262.2482476619207
1585,262.2482476619207
1586,262.2482476619207
1587,262.2482476619207
1588,262.2482476619207
1589,262.2482476619207
1590,262.2482476619207
1591,262.2482476619207
1592,262.2482476619207
1593,262.2482476619207
1594,262.2482476619207
1595,262.2482476619207
1596,262.2482476619207
1597,262.2482476619207
1598,262.2482476619207
1599,262.2482476619207
1600,262.2482476619207
1601,262.2482476619207
1602,262.2482476619207
1603,262.2482476619207
1604,262.2482476619207
1605,262.2482476619207
1606,262.2482476619207
1607,262.2482476619207
1608,262.2482476619207
1609,262.2482476619207
1610,262.2482476619207
1611,262.2482476619207
1612,262.2482476619207
1613,262.2482476619207
1614,262.2482476619207
1615,262.2482476619207
1616,262.2482476619207
1617,262.2482476619207
1618,262.2482476619207
1619,262.2482476619207
1620,262.2482476619207
1621,262.2482476619207
1622,262.2482476619207
1623,262.2482476619207
1624,262.2482476619207
1625,262.2482476619207
1626,262.2482476619207
1627,262.2482476619207
1628,262.2482476619207
1629,262.2482476619207
1630,262.2482476619207
1631,262.2482476619207
1632,262.2482476619207
1633,262.2482476619207
1634,262.2482476619207
1635,262.2482476619207
1636,262.2482476619207
1637,262.2482476619207
1638,262.2482476619207
1639,262.2482476619207
1640,262.2482476619207
1641,262.2482476619207
1642,262.2482476619207
1643,262.2482476619207
1644,262.2482476619207
1645,262.2482476619207
1646,262.2482476619207
1647,262.2482476619207
1648,262.2482476619207
1649,262.2482476619207
1650,262.2482476619207
1651,262.2482476619207
1652,262.2482476619207
1653,262.2482476619207
1654,262.2482476619207
1655,262.2482476619207
1656,262.2482476619207
1657,262.2482476619207
1658,262.2482476619207
1659,262.2482476619207
1660,262.2482476619207
1661,262.2482476619207
1662,262.2482476619207
1663,262.2482476619207
1664,262.2482476619207
1665,262.2482476619207
1666,262.2482476619207
1667,262.2482476619207
1668,262.2482476619207
1669,262.2482476619207
1670,262.2482476619207
1671,262.2482476619207
1672,262.2482476619207
1673,262.2482476619207
1674,262.2482476619207
1675,262.2482476619207
1676,262.2482476619207
1677,262.2482476619207
1678,262.2482476619207
1679,262.2482476619207
1680,262.2482476619207
1681,262.2482476619207
1682,262.2482476619207
1683,262.2482476619207
1684,262.2482476619207
1685,262.2482476619207
1686,262.2482476619207
1687,262.2482476619207
1688,262.2482476619207
1689,262.2482476619207
1690,262.2482476619207
1691,262.2482476619207
1692,262.2482476619207
1693,262.2482476619207
1694,262.2482476619207
1695,262.2482476619207
1696,262.2482476619207
1697,262.2482476619207
1698,262.2482476619207
1699,262.2482476619207
1700,262.2482476619207
1701,262.2482476619207
1702,262.2482476619207
1703,262.2482476619207
1704,262.2482476619207
1705,262.2482476619207
1706,262.2482476619207
1707,262.2482476619207
1708,262.2482476619207
1709,262.2482476619207
1710,262.2482476619207
1711,262.2482476619207
1712,262.2482476619207
1713,262.2482476619207
1714,262.2482476619207
1715,262.2482476619207
1716,262.2482476619207
1717,262.2482476619207
1718,262.2482476619207
1719,262.2482476619207
1720,262.2482476619207
1721,262.2482476619207
1722,262.2482476619207
1723,262.2482476619207
1724,262.2482476619207
1725,262.2482476619207
1726,262.2482476619207
1727,262.2482476619207
1728,262.2482476619207
1729,262.2482476619207
1730,262.2482476619207
1731,262.2482476619207
1732,262.2482476619207
1733,262.2482476619207
1734,262.2482476619207
1735,262.2482476619207
1736,262.2482476619207
1737,262.2482476619207
1738,262.2482476619207
1739,262.2482476619207
1740,262.2482476619207
1741,262.2482476619207
1742,262.2482476619207
1743,262.2482476619207
1744,262.2482476619207
1745,262.2482476619207
1746,262.2482476619207
1747,262.2482476619207
1748,262.2482476619207
1749,262.2482476619207
1750,262.2482476619207
1751,262.2482476619207
1752,262.2482476619207
1753,262.2482476619207
1754,262.2482476619207
1755,262.2482476619207
1756,262.2482476619207
1757,262.2482476619207
1758,262.2482476619207
1759,262.2482476619207
1760,262.2482476619207
1761,262.2482476619207
1762,262.2482476619207
1763,262.2482476619207
1764,262.2482476619207
1765,262.2482476619207
1766,262.2482476619207
1767,262.2482476619207
1768,262.2482476619207
1769,262.2482476619207
1770,262.2482476619207
1771,262.2482476619207
1772,262.2482476619207
1773,262.2482476619207
1774,262.2482476619207
1775,262.2482476619207
1776,262.2482476619207
1777,262.2482476619207
1778,262.2482476619207
1779,262.2482476619207
1780,262.2482476619207
1781,262.2482476619207
1782,262.2482476619207
1783,262.2482476619207
1784,262.2482476619207
1785,262.2482476619207
1786,262.2482476619207
1787,262.2482476619207
1788,262.2482476619207
1789,262.2482476619207
1790,262.2482476619207
1791,262.2482476619207
1792,262.2482476619207
1793,262.2482476619207
1794,262.2482476619207
1795,262.2482476619207
1796,262.2482476619207
1797,262.2482476619207
1798,262.2482476619207
1799,262.2482476619207
1800,262.2482476619207
1801,262.2482476619207
1802,262.2482476619207
1803,262.2482476619207
1804,262.2482476619207
1805,262.2482476619207
1806,262.2482476619207
1807,262.2482476619207
1808,262.2482476619207
1809,262.2482476619207
1810,262.2482476619207
1811,262.2482476619207
1812,262.2482476619207
1813,262.2482476619207
1814,262.2482476619207
1815,262.2482476619207
1816,262.2482476619207
1817,262.2482476619207
1818,262.2482476619207
1819,262.2482476619207
1820,262.2482476619207
1821,262.2482476619207
1822,262.2482476619207
1823,262.2482476619207
1824,262.2482476619207
1825,262.2482476619207
1826,262.2482476619207
1827,262.2482476619207
1828,262.2482476619207
1829,262.2482476619207
1830,262.2482476619207
1831,262.2482476619207
1832,262.2482476619207
1833,262.2482476619207
1834,262.2482476619207
1835,262.2482476619207
1836,262.2482476619207
1837,262.2482476619207
1838,262.2482476619207
1839,262.2482476619207
1840,262.2482476619207
1841,262.2482476619207
1842,262.2482476619207
1843,262.2482476619207
1844,262.2482476619207
1845,262.2482476619207
1846,262.2482476619207
1847,262.2482476619207
1848,262.2482476619207
1849,262.2482476619207
1850,262.2482476619207
1851,262.2482476619207
1852,262.2482476619207
1853,262.2482476619207
1854,262.2482476619207
1855,262.2482476619207
1856,262.2482476619207
1857,262.2482476619207
1858,262.2482476619207
1859,262.2482476619207
1860,262.2482476619207
1861,262.2482476619207
1862,262.2482476619207
1863,262.2482476619207
1864,262.2482476619207
1865,262.2482476619207
1866,262.2482476619207
1867,262.2482476619207
1868,262.2482476619207
1869,262.2482476619207
1870,262.2482476619207
1871,262.2482476619207
1872,262.2482476619207
1873,262.2482476619207
1874,262.2482476619207
1875,262.2482476619207
1876,262.2482476619207
1877,262.2482476619207
1878,262.2482476619207
1879,262.2482476619207
1880,262.2482476619207
1881,262.2482476619207
1882,262.2482476619207
1883,262.2482476619207
1884,262.2482476619207
1885,262.2482476619207
1886,262.2482476619207
1887,262.2482476619207
1888,262.2482476619207
1889,262.2482476619207
1890,262.2482476619207
1891,262.2482476619207
1892,262.2482476619207
1893,262.2482476619207
1894,262.2482476619207
1895,262.2482476619207
1896,262.2482476619207
1897,262.2482476619207
1898,262.2482476619207
1899,262.2482476619207
1900,262.2482476619207
1901,262.2482476619207
1902,262.2482476619207
1903,262.2482476619207
1904,262.2482476619207
1905,262.2482476619207
1906,262.2482476619207
1907,262.2482476619207
1908,262.2482476619207
1909,262.2482476619207
1910,262.2482476619207
1911,262.2482476619207
1912,262.2482476619207
1913,262.2482476619207
1914,262.2482476619207
1915,262.2482476619207
1916,262.2482476619207
1917,262.2482476619207
1918,262.2482476619207
1919,262.2482476619207
1920,262.2482476619207
1921,262.2482476619207
1922,262.2482476619207
1923,262.2482476619207
1924,262.2482476619207
1925,262.2482476619207
1926,262.2482476619207
1927,262.2482476619207
1928,262.2482476619207
1929,262.2482476619207
1930,262.2482476619207
1931,262.2482476619207
1932,262.2482476619207
1933,262.2482476619207
1934,262.2482476619207
1935,262.2482476619207
1936,262.2482476619207
1937,262.2482476619207
1938,262.2482476619207
1939,262.2482476619207
1940,262.2482476619207
1941,262.2482476619207
1942,262.2482476619207
1943,262.2482476619207
1944,262.2482476619207
1945,262.2482476619207
1946,262.2482476619207
1947,262.2482476619207
1948,262.2482476619207
1949,262.2482476619207
1950,262.2482476619207
1951,262.2482476619207
1952,262.2482476619207
1953,262.2482476619207
1954,262.2482476619207
1955,262.2482476619207
1956,262.2482476619207
1957,262.2482476619207
1958,262.2482476619207
1959,262.2482476619207
1960,262.2482476619207
1961,262.2482476619207
1962,262.2482476619207
1963,262.2482476619207
1964,262.2482476619207
1965,262.2482476619207
1966,262.2482476619207
1967,262.2482476619207
1968,262.2482476619207
1969,262.2482476619207
1970,262.2482476619207
1971,262.2482476619207
1972,262.2482476619207
1973,262.2482476619207
1974,262.2482476619207
1975,262.2482476619207
1976,262.2482476619207
1977,262.2482476619207
1978,262.2482476619207
1979,262.2482476619207
1980,262.2482476619207
1981,262.2482476619207
1982,262.2482476619207
1983,262.2482476619207
1984,262.2482476619207
1985,262.2482476619207
1986,262.2482476619207
1987,262.2482476619207
1988,262.2482476619207
1989,262.2482476619207
1990,262.2482476619207
1991,262.2482476619207
1992,262.2482476619207
1993,262.2482476619207
1994,262.2482476619207
1995,262.2482476619207
1996,262.2482476619207
1997,262.2482476619207
1998,262.2482476619207
1999,262.2482476619207
