{
	"version": "0.3.22", 
	"suite": "unknown_suite", 
	"function_id": 1121, 
	"function_name": "LunarLander", 
	"maximization": true, 
	"algorithm": {"name": "combo", "info": "algorithm_info"},
	"attributes": ["evaluations", "raw_y"],
	"scenarios": [
		{"dimension": 32,
		"path": "data_f1121_LunarLander/IOHprofiler_f1121_DIM32.dat",
		"runs": [
			{"instance": 1, "evals": 120010, "best": {"evals": 33579, "y": 301.3337735479352, "x": [-1, -1, -1, 1, 1, -1, 1, -1, 1, 1, -1, -1, -1, 1, 1, -1, 1, 1, 1, 1, 1, -1, 1, -1, -1, -1, 1, -1, -1, -1, -1, 1]}}
		]}
	]
}
