{
	"version": "0.3.22", 
	"suite": "unknown_suite", 
	"function_id": 1121, 
	"function_name": "LunarLander", 
	"maximization": true, 
	"algorithm": {"name": "combo", "info": "algorithm_info"},
	"attributes": ["evaluations", "raw_y"],
	"scenarios": [
		{"dimension": 32,
		"path": "data_f1121_LunarLander/IOHprofiler_f1121_DIM32.dat",
		"runs": [
			{"instance": 1, "evals": 120005, "best": {"evals": 5113, "y": 302.4662861552446, "x": [-1, 1, -1, 0.05179696769394537, 1, 0.608763595163437, -1, -1, 1, 1, -0.6259787042026344, -1, 1, 1, -1, 1, 1, -1, 1, 1, -1, -1, -1, -1, 1, -1, 1, 1, -0.5509358675081746, -1, -1, -1]}}
		]}
	]
}
