{
	"version": "0.3.22", 
	"suite": "unknown_suite", 
	"function_id": 1121, 
	"function_name": "LunarLander", 
	"maximization": true, 
	"algorithm": {"name": "combo", "info": "algorithm_info"},
	"attributes": ["evaluations", "raw_y"],
	"scenarios": [
		{"dimension": 32,
		"path": "data_f1121_LunarLander/IOHprofiler_f1121_DIM32.dat",
		"runs": [
			{"instance": 1, "evals": 6014, "best": {"evals": 5961, "y": 53.07254574974442, "x": [1, -1, 1, 0.3419202351833862, 1, -1, 1, 1, -1, -1, -1, 0.7050902474309051, -1, 1, 1, -1, -1, -1, -1, -1, -1, -1, 1, 1, 0.15940965378195848, -1, -1, 0.9276894823311569, 1, -1, -1, -1]}}
		]}
	]
}
